grid_case;machine;size_bus;ls_max_throughput;ls_throughput@1;pp_max_throughput;pp_throughput@1;pgm_max_throughput;pgm_throughput@1;olf_max_throughput;olf_throughput@1;powermodels_max_throughput;powermodels_throughput@1;rustpower_max_throughput;rustpower_throughput@1;exapf_max_throughput;exapf_throughput@1;pf-net_max_throughput;gns_max_throughput;canos_max_throughput;gpu-0DCD_max_throughput;exapf-gpu_max_throughput
case14;l20;14;3861293.408765836;137978.34040885553;16168.291936098118;145.98467108240587;5904177.741679103;52872.47379444436;;;12274.431164342554;4576.6046911798;;;;;200443.17440175405;284793.4791856932;96153.95946868979;278160.4639099835;2365.333081480798
case14;t4;14;411800.29261152743;60627.640415245565;579.4659822771865;60.90751341421148;260217.23355128782;30956.271630314437;3817.2462182748927;497.1899633558701;7741.059969478803;1374.511083865769;21881.324931566647;6575.786971691309;51569.35956636114;7988.023830233323;25933.060827217152;67355.22429408944;14724.510473304976;176829.6592653393;13266.988877052561
case14;rtx6k;14;2520555.9534637565;148901.81941617304;4912.037515602358;158.20003560271778;1679104.4421113275;55558.70201208351;28925.165686263466;1532.1632287705422;10713.509025486503;4217.677822262388;343315.0185828024;13901.57582147125;339582.0394913838;40711.77293713229;367696.14599940914;453925.097717323;156186.765349308;384860.72211061406;2247.1388099370774
case_ieee30;l20;30;1865759.719566342;71494.02163919694;17239.576686391036;149.69279619378705;3259125.3262975025;27785.960557756163;;;6359.144202655411;2444.5169331467014;;;;;97169.76469482308;153266.72059752932;45656.73113525173;216857.559356491;6135.014829061772
case_ieee30;t4;30;197123.30208067075;28751.233502005798;559.9983062295405;61.45174134716856;127017.08907937177;16391.514782347105;3131.971874553795;394.9374335960635;3802.0146075609614;678.7493733272808;18001.73425471717;4143.696824893703;22014.509514867044;4491.980882556909;12597.28057492968;33719.65501664651;6961.179848442828;102324.51162518006;31067.057359689752
case_ieee30;rtx6k;30;1269049.34849633;76297.0678110511;4943.447286077577;153.2258699747879;913351.0694724469;29790.65543512618;24180.096019489432;1210.582163508509;5367.68510195814;2237.2370079079546;282289.48629079;11819.883872970455;80218.51801044271;13968.066350687588;171988.17948082858;283241.9738336419;71929.11160258517;306684.88389808335;73096.34959043023
case57;l20;57;872599.215044685;36286.89568352075;15194.067084145481;141.87292531199378;1647876.6133032914;13865.902239027811;;;;;;;;;45462.37419044317;79389.48670215115;23556.529926746178;164196.41908301038;81744.5010957076
case57;t4;57;79073.26064106172;10507.76192625102;547.062782853404;59.95287120621114;62247.99433829141;7631.136282001145;2306.7200409418297;296.47371944576105;;;11170.411609594514;1923.9683250677056;;;6561.034904658046;17510.621255417085;3603.622365176265;57553.54806082246;17368.86173862149
case57;rtx6k;57;631933.048264276;38719.39883655375;4831.574889588146;147.54760420827458;427572.4407060324;14794.7834440497;17306.59197680893;927.5403162884961;;;196540.79156211554;8737.019500645329;;;88502.85310478254;150848.33062531202;37116.67435873266;226796.83670123943;93076.43306135121
case118;l20;118;385344.2892688546;20996.215317981536;15456.112687350676;139.09605618539115;536837.7032167241;4095.2350466308785;;;1262.3970841676971;403.93476652935425;;;;;21373.55390398271;36357.66633994507;10786.34323869882;111594.9071994262;46970.52660232997
case118;t4;118;34714.028102409786;5624.022183660021;521.9259599893263;53.34796074284384;17155.98483201142;1847.3417413093682;1273.2244750882446;168.44521617462547;934.644636111305;166.43992991929534;7916.253369614866;1144.738799207778;6225.6584236091585;1264.43165802035;2900.93048605864;7991.238415828744;1638.9861413200567;33836.57186600336;8616.852798418297
case118;rtx6k;118;291543.49519428174;22511.857176442456;4644.755549972212;146.42085122976928;135430.99857037046;4405.394686751893;8657.721884385965;446.7104009961746;1259.460313518407;410.60665444939906;144729.04055297663;7059.987392007982;29090.392486982426;3912.139860208872;39639.58816490459;67745.64004082965;17683.505514820863;163490.1362857699;34817.210072136055
case_ACTIVSg500;l20;500;61029.5740554467;4408.48220635377;9043.878053864742;121.65341180031078;172063.95498604348;1358.2550808584758;;;363.6845824992088;121.0217868788459;;;;;6046.1865474494125;8353.936425399992;2176.3913584411316;28597.160352719184;6866.845480848581
case_ACTIVSg500;t4;500;8677.189962507473;1061.1581647841178;446.63209160611854;50.73222143561659;5425.286041116731;562.9532923032112;472.5217395515321;60.94773752887759;254.2785993218926;53.67853464276174;3015.9817536990095;361.12411355744774;879.7576868037056;149.7470206328532;822.8381262705021;2113.543950060391;415.7713590272316;7311.29747913821;1559.2580012016224
case_ACTIVSg500;rtx6k;500;89020.28707393214;4863.083703017525;3848.0668128744232;126.93388570253063;40561.7658810809;1439.731398876024;3152.720219924197;158.59623946759936;317.91862372687814;118.53682158250452;48081.62453543304;1893.8602491449944;4561.539898316426;448.42246222162765;13561.06247210496;17822.68815353927;4394.531738603837;49823.31455696074;8346.15307165661
case1354pegase;l20;1354;36239.84648410407;873.41237445014;4377.528145987862;86.51117389459878;;;;;;;;;;;1539.8835050278365;2701.764619942865;902.066485049809;11232.438240208967;2719.907542002306
case1354pegase;t4;1354;2577.0705859154464;298.1630698391217;319.3222528145233;36.37927663462485;;;118.57113360799666;14.426749747076048;;;984.6100625090937;105.33152223710596;;;;;;2673.0001139792225;415.7054595157617
case1354pegase;rtx6k;1354;22004.778386525348;996.3397264959643;2371.583213407803;87.93987740687318;;;745.8540793015054;30.98543105829099;;;12719.734180160782;421.84166481292374;;;3992.8833596097506;5881.462908024282;1604.5669348787967;19454.87454505649;3327.508169180307
case_ACTIVSg2000;l20;2000;14916.831782646148;306.08935330506796;3032.264310396804;67.01831033895503;;;;;67.83783220598336;21.352605576775453;;;;;975.416337178682;1792.3599822682313;492.2089885751335;5457.492071267729;1874.7696999928428
case_ACTIVSg2000;t4;2000;1095.405008397908;123.76067351596961;252.9671302405391;29.22250536153879;;;86.81492698499912;9.698079188011919;41.31088954888442;9.449618222241604;457.0202252972299;45.90362278594499;219.34186922041636;26.042742602683532;167.7518976349004;452.73406948394415;96.89982455194749;1152.0009836989007;188.73891533349362
case_ACTIVSg2000;rtx6k;2000;8740.64601097116;356.1982779112196;1723.6880780520974;68.3478037656668;;;550.4777246687095;21.568050173430937;50.473901820296724;18.900547574130268;5457.477162848982;179.03980750100513;889.7032964099689;74.89443474706268;2501.1556517541444;3773.7523243588707;929.0683203131441;9520.691043725534;2260.591295494509
case2869pegase;l20;2869;11655.832189505645;226.86326492709443;2097.7970663573633;59.473284003034045;;;;;;;;;;;845.9621928649998;1358.0058912496986;422.788630893997;4688.133603995236;1021.0276093749499
case2869pegase;t4;2869;1054.319714187726;119.15565484174827;222.71815974765386;25.5763595358589;;;50.92389057997246;5.563304517253458;;;460.60081999607587;48.462222564013366;;;;;;1129.6046860978115;125.89309826373876
case2869pegase;rtx6k;2869;6805.014428564213;268.5679240208699;1433.5043289318526;57.56467550737606;;;327.841503564867;12.340436152362814;;;5330.47260766166;173.61970193185832;;;1730.0937285011496;2550.7932193042134;666.8354085168609;8938.856183727597;1344.0874410470708
case3120sp;l20;3120;6343.4504388385385;405.4292889158683;2085.2869014711005;62.33578312452119;;;;;50.299631538668216;14.606921257742673;;;;;821.8975080415534;;317.55169185309535;4051.4047589929896;1203.5338349100452
case3120sp;t4;3120;1445.1169089474267;187.7642654076298;230.27829657662582;26.226339349229644;;;70.54271167151266;7.724302462554281;28.738861353729437;6.693952583601272;392.3052769915089;42.92582996475666;155.48668706009403;20.328725453596192;130.2362614640532;;66.04113286987452;981.694412568455;222.41397667596138
case3120sp;rtx6k;3120;9192.160094850648;463.32800393251904;1500.7568771146525;59.7042993017094;;;433.8848218325309;16.327676789979392;36.77667064649452;13.253707230534248;4589.45407029758;158.03748939537817;581.0675252785986;61.225615294087795;2083.786989101755;;652.1313864255773;7940.998885075144;1478.532099520893
case3375wp;l20;3375;6203.932863886056;343.5189828484929;1809.582997607313;57.76886258497469;;;;;;;;;;;687.6717656539404;;266.30177739952387;3772.975109863292;1592.2498304630271
case3375wp;t4;3375;1310.2542617744311;167.5088028268062;211.92215150497321;25.677528670733818;;;;;;;522.5324259987885;57.880632352920074;;;118.30741805251351;;60.12770961623598;924.4904350420403;302.8355426948586
case3375wp;rtx6k;3375;7991.423955169003;407.0701243004166;1314.030838619699;52.44004066822705;;;372.72952263147187;14.223024609633047;;;5696.543505493671;204.00972694704757;;;1854.2133194553367;;601.9348980244216;7420.9018825362855;2040.3185955444633
case6515rte;l20;6515;3574.5734920207815;150.6818756389149;625.3055362635946;36.70710486396785;;;;;;;;;;;324.9086734952342;607.9170792833114;188.08657235671657;1919.5854120408646;411.8873938230346
case6515rte;t4;6515;585.652059522314;85.25660241011015;127.25654094120179;15.810512366168865;;;;;;;135.46290116858174;16.21071098101475;;;55.46742839284678;148.85478436110674;29.821574405753704;407.59259603433253;59.96953734995273
case6515rte;rtx6k;6515;3583.008116955851;191.29210777358497;691.4258779999001;36.22065432552091;;;155.73200310340576;6.012536310253618;;;1650.8210094545575;62.773494453288684;;;858.7720995273096;1208.5401627715103;293.6962780616581;4069.1349409328222;551.1667862575694
case9241pegase;l20;9241;1872.7577745223923;38.742882140905365;487.3543955302097;23.230926775648264;;;;;9.107991944377394;2.6502588442612685;;;;;195.604916477612;394.39732035512924;125.16013236393539;1285.1431283900497;135.0792120498894
case9241pegase;t4;9241;185.500648826901;25.219703105422525;83.97923845242869;9.500336531376096;;;;;5.230370843815219;1.135869171256178;88.12058259948404;10.644509094481243;;;33.1906043508171;90.8783929462799;19.691725256952587;250.7081571701784;27.36766489627423
case9241pegase;rtx6k;9241;1231.5352975316698;55.31981289043128;406.20389697371604;23.487073187380233;;;75.93372329441102;2.9715454031731574;7.580709459523948;2.4222186717816125;1016.188618799837;39.30258868041762;80.95266476678059;7.259962350699638;514.9081522622549;717.6927990693455;190.72182729211195;2472.9005868981226;224.4164149837874
case_ACTIVSg10k;l20;10000;2677.623691190386;69.14584711401672;497.3534552870676;25.159798630981218;;;;;;;;;;;250.74347310689132;377.1724696830963;88.31554394843648;1195.7473930523222;287.0793393873256
case_ACTIVSg10k;t4;10000;327.1451941608206;43.433033394229206;90.64986091444649;11.461407629785473;;;;;;;104.09592076068046;11.940828590104253;;;;;;273.5299807651011;60.04233268159938
case_ACTIVSg10k;rtx6k;10000;2146.9978438010176;104.17792853196221;410.6621606501552;24.48643711878336;;;102.48878094896853;4.242303387363758;;;1185.5732576472556;44.69758787252623;;;604.104219959051;786.2753382741246;202.6377107694697;2276.657203954503;433.11773982375394
case_ACTIVSg25k;l20;25000;885.7626918506742;17.94585978240122;333.4581727728055;10.56077613993542;;;;;6.4107677945595185;1.5705201252974184;;;;;97.07371723821245;;40.14378218866177;423.58225881531433;96.29256469916167
case_ACTIVSg25k;t4;25000;105.49525233066038;12.697097610255966;36.36489289739382;4.5492069046079004;;;;;3.33557228230709;0.707430191169062;33.60058427643764;3.5935737017302127;;;15.479678363900625;;8.051089524569123;81.57429084940574;19.160194858626646
case_ACTIVSg25k;rtx6k;25000;726.8337347962618;32.615844838477166;183.78310636515735;10.207826850858426;;;39.441062676603906;1.6321121697266743;4.814637432383276;1.470367705579156;382.40229928659403;13.53722340224073;90.95606179147677;3.983467966352328;233.24739481692993;;95.61562404194976;775.7536000715177;147.31999658150315
case_ACTIVSg70k;l20;70000;386.40215799863455;4.158316521269724;71.39148488930554;3.175746759215318;;;;;;;;;;;30.043986726068514;54.324521611480876;;89.91782097252533;29.754963719624364
case_ACTIVSg70k;t4;70000;24.1557978664295;2.7015446948417856;10.588095275206603;1.3116699812358785;;;;;;;8.441118958333094;0.8570428811269019;;;5.523043086655442;14.0739586353253;2.907074210468293;21.190134454673213;2.8073357991086807
case_ACTIVSg70k;rtx6k;70000;175.56927343870228;7.287289990505535;61.72375520788168;3.0196262320969782;;;11.667635250683617;0.5080110194602204;;;133.13572778286252;4.7644401858073495;;;68.901678482502;100.11203739905714;35.83201716590645;150.73855378956733;20.975625043203436
