grid_case;machine;batch_size;size_bus;threads;exapf-gpu_throughput;pf-net_throughput;gns_throughput;canos_throughput;gpu-0DCD_throughput
case14;l20;1;14;-1;615.5840205378908;1143.8668412755017;38.62368278282462;136.1296081702714;976.6074863338943
case14;l20;2;14;-1;;2277.485042200816;82.14675409053582;274.4929910733135;1969.6609172415235
case14;l20;4;14;-1;;4255.284314357368;177.48493894831967;543.2767563845272;3966.2425182025254
case14;l20;8;14;-1;;8568.327999730043;353.956081118628;1066.5758750128832;7412.020772212639
case14;l20;16;14;-1;2365.333081480798;16902.337128839325;702.372398896458;2082.624549819655;12494.770726993334
case14;l20;32;14;-1;;34172.619897187666;1403.4001912985307;4115.7954086974005;14533.73897860398
case14;l20;64;14;-1;;66984.38173503497;2754.2833058018186;8219.604106661087;48247.59208209421
case14;l20;128;14;-1;;112686.63561102508;5534.56261366389;16404.670221386612;77946.79803100941
case14;l20;256;14;-1;;150658.43778230617;10565.079604277737;33752.2090699042;131589.82238324065
case14;l20;512;14;-1;;181656.43107901837;22171.77326822706;66806.05527910206;198494.9386105968
case14;l20;1024;14;-1;;200443.17440175405;41994.360693267736;94172.16697095177;251569.86824333374
case14;l20;2048;14;-1;;171853.58177332295;78588.76540925447;96153.95946868979;270782.58478524117
case14;l20;4096;14;-1;;146538.34868563345;145483.9691908701;81706.92272203516;278160.4639099835
case14;l20;8192;14;-1;;137721.47239540963;208405.5413847512;68226.48693271338;183194.99246715667
case14;l20;16384;14;-1;;136967.01196366985;284793.4791856932;62339.64656053603;154753.1605272098
case14;l20;32768;14;-1;;;;;176240.52578544713
case14;l20;65536;14;-1;;;;;130432.86401730147
case14;t4;1;14;-1;366.5836927755;436.3104596992428;17.1886363748499;48.68690207887622;690.5952939458685
case14;t4;2;14;-1;;835.2389990959331;34.3283693865931;92.38751948440648;1492.2691413048296
case14;t4;4;14;-1;;1637.3146415916506;70.05247390664644;177.9675491119102;2631.0540423350417
case14;t4;8;14;-1;;3335.008028757535;139.11529560987847;361.00443549639067;5854.4585994684385
case14;t4;16;14;-1;258.80338374485757;6490.349147095607;276.04701663211307;701.1898802455686;9372.704489759857
case14;t4;32;14;-1;;11652.304550244235;550.9685268486222;1389.1868982975732;18431.17531522002
case14;t4;64;14;-1;;17030.041902168574;1103.750791852886;2801.9693782022487;35531.44074610679
case14;t4;128;14;-1;;19478.457421977335;2194.492857813861;5531.692663705125;68959.96357537495
case14;t4;256;14;-1;13266.988877052561;21777.502317974097;4336.711173353291;10136.778372926656;107330.68370560493
case14;t4;512;14;-1;;23086.09596979411;8507.156914577188;12087.616372604096;139249.87688528694
case14;t4;1024;14;-1;;23472.733805191136;15834.116789426382;13038.181052233569;163139.08065020936
case14;t4;2048;14;-1;;25885.761483997238;26769.437808257746;13679.923408368319;171660.99382293102
case14;t4;4096;14;-1;;25933.060827217152;42964.22153070822;14180.590749486022;176829.6592653393
case14;t4;8192;14;-1;;25458.526548678816;59267.76436741774;14516.738815162265;171675.89830660477
case14;t4;16384;14;-1;;24699.176761804592;67355.22429408944;14724.510473304976;161131.56028513124
case14;t4;32768;14;-1;;;;;145864.16810325987
case14;t4;65536;14;-1;;;;;123729.87213425196
case14;rtx6k;1;14;-1;152.82893018121484;750.4125204510461;45.92863886657086;139.5948069901941;1062.7201408749577
case14;rtx6k;2;14;-1;;2435.80794593568;90.08202512016406;267.39076099854884;2111.485148845842
case14;rtx6k;4;14;-1;;4824.760647077362;182.83383172413255;529.8136417489715;4167.495365117971
case14;rtx6k;8;14;-1;;9445.603565638334;364.34175570676837;1064.9146678341635;8142.435458716647
case14;rtx6k;16;14;-1;2247.1388099370774;18997.47802282173;734.9540069525135;2110.6533652605062;13146.310655333502
case14;rtx6k;32;14;-1;;37854.751128986056;1466.4735870944862;4188.984200877165;25245.843833105362
case14;rtx6k;64;14;-1;;75843.46233753381;2929.716271291884;8591.404458388693;48018.92391567175
case14;rtx6k;128;14;-1;;153075.6402931216;5894.198159973355;17414.36308085419;89217.18874926072
case14;rtx6k;256;14;-1;;241143.53689575323;11711.685605292458;35046.95549969848;151660.42195232247
case14;rtx6k;512;14;-1;;321976.75170907873;23243.94206085113;70130.38642289759;235610.89908078263
case14;rtx6k;1024;14;-1;;367696.14599940914;46105.125475987894;139354.88057991295;308169.45969363855
case14;rtx6k;2048;14;-1;;341867.7764455185;90335.28014149913;154069.3798767874;358578.34026418306
case14;rtx6k;4096;14;-1;;317217.7792953774;165544.18751437482;156186.765349308;384860.72211061406
case14;rtx6k;8192;14;-1;;284171.33069856267;287257.2280105525;149346.32740526;367587.50858449424
case14;rtx6k;16384;14;-1;;284866.03567287565;453925.097717323;139597.5282390466;338587.2414762521
case14;rtx6k;32768;14;-1;;;;;297056.6621006874
case14;rtx6k;65536;14;-1;;;;;231750.95906961642
case_ieee30;l20;1;30;-1;611.13178899864;1108.1715966844959;42.405627336102114;139.67929631893026;911.482699888426
case_ieee30;l20;2;30;-1;;2131.183006330142;85.66000752161021;263.51209847339163;1814.945273257452
case_ieee30;l20;4;30;-1;;4195.451336764014;170.34904457921078;512.1407138006615;3550.2530016760093
case_ieee30;l20;8;30;-1;;8411.472741780224;341.6974771473307;1010.876262771598;6572.94538703163
case_ieee30;l20;16;30;-1;6135.014829061772;17595.33261774803;683.1845714793693;1996.6491172795909;8703.648741974379
case_ieee30;l20;32;30;-1;;36157.48337438326;1358.2934473228277;4009.463954324438;16573.12112885076
case_ieee30;l20;64;30;-1;;55321.537127987016;2737.566220414565;7776.057122435289;32435.65728610592
case_ieee30;l20;128;30;-1;;75743.6371140745;5415.012883933305;16147.057447791709;56119.09871355214
case_ieee30;l20;256;30;-1;;89864.49350521165;10778.254087031271;32701.782186207256;95568.92542506622
case_ieee30;l20;512;30;-1;;97169.76469482308;21216.540937854712;44612.643953623;153013.56057185374
case_ieee30;l20;1024;30;-1;;84020.27021750252;39996.13630409057;45656.73113525173;158273.9676214356
case_ieee30;l20;2048;30;-1;;68200.77567003919;67855.43602927233;36740.649973863314;206970.16385567348
case_ieee30;l20;4096;30;-1;;65644.75916991699;102241.98380487424;30812.60098084709;216857.559356491
case_ieee30;l20;8192;30;-1;;65259.76744698923;136790.38749787648;29513.684286855725;153319.3108791761
case_ieee30;l20;16384;30;-1;;65710.73662867698;153266.72059752932;28379.701821707786;140683.43693475705
case_ieee30;l20;32768;30;-1;;;;;148944.6468617755
case_ieee30;l20;65536;30;-1;;;;;114736.22362799187
case_ieee30;t4;1;30;-1;358.2917791616637;431.84940543064084;17.067456845393977;51.0984277573867;778.8035074632284
case_ieee30;t4;2;30;-1;;792.076410760241;34.33564859780526;93.86380430413844;1561.8543604920262
case_ieee30;t4;4;30;-1;;1642.9942718701188;68.30406649603763;184.03025398487685;3039.6725411917514
case_ieee30;t4;8;30;-1;;3087.9273229669157;136.99233033141525;357.2771387488285;5439.219352228747
case_ieee30;t4;16;30;-1;1058.686630368703;5276.501935386813;273.3161355147762;697.3390545402509;6579.411611224157
case_ieee30;t4;32;30;-1;;8930.526498078441;543.9388774863936;1424.7347151541937;12833.581582358445
case_ieee30;t4;64;30;-1;;10554.813323273356;1087.4168335231784;2763.7626905779252;24637.12707227799
case_ieee30;t4;128;30;-1;;10753.193939994853;2163.274256842559;4997.024041992098;44513.411581709646
case_ieee30;t4;256;30;-1;31067.057359689752;11499.306565167333;4186.046004906237;5647.771841840864;73466.47342834291
case_ieee30;t4;512;30;-1;;12324.26947641795;7846.749372690423;6275.486575388292;83122.7332313914
case_ieee30;t4;1024;30;-1;;12582.681382226807;13562.469807145353;6581.182956351589;95610.97529733393
case_ieee30;t4;2048;30;-1;;12597.28057492968;20797.143680621593;6734.9364669925235;99141.45766284538
case_ieee30;t4;4096;30;-1;;12553.206230407475;28296.154028955192;6899.6524274549565;102324.51162518006
case_ieee30;t4;8192;30;-1;;12475.860264861656;32460.349064879305;6937.164895675609;99762.00174873987
case_ieee30;t4;16384;30;-1;;12094.100957998447;33719.65501664651;6961.179848442828;95437.2257621495
case_ieee30;t4;32768;30;-1;;;;;89507.63900679981
case_ieee30;t4;65536;30;-1;;;;;80838.82232088519
case_ieee30;rtx6k;1;30;-1;526.3401153902014;1234.0547509195505;44.0424676606068;136.6308611061412;963.8299611654579
case_ieee30;rtx6k;2;30;-1;;2398.2521706684734;89.65337910107833;255.55126221812526;1870.1548343239206
case_ieee30;rtx6k;4;30;-1;;4762.192453808887;176.38959062876782;503.88045542077197;3703.365347438845
case_ieee30;rtx6k;8;30;-1;;9384.980171977602;357.6567846244113;998.1595630166173;7117.785271736739
case_ieee30;rtx6k;16;30;-1;4810.52775731594;19103.062761234396;722.8105418186059;1999.880202783264;7900.277170781044
case_ieee30;rtx6k;32;30;-1;;38093.54392557027;1432.323529237919;4011.275683507034;15562.797843124734
case_ieee30;rtx6k;64;30;-1;;77386.26418241761;2867.972628961892;8164.57875026842;29793.31826510626
case_ieee30;rtx6k;128;30;-1;;117159.87672300683;5808.036446514419;16171.839706886998;55512.92361809866
case_ieee30;rtx6k;256;30;-1;73096.34959043023;158750.64674539777;11219.725551875392;32308.72826906848;102503.44339648551
case_ieee30;rtx6k;512;30;-1;;171988.17948082858;22391.668883831684;64056.85600636766;168776.7162543942
case_ieee30;rtx6k;1024;30;-1;;161222.45472572732;40637.61777175388;71929.11160258517;239560.66634957533
case_ieee30;rtx6k;2048;30;-1;;145685.93913071143;79404.6564534696;71211.46910601798;299231.18909926526
case_ieee30;rtx6k;4096;30;-1;;134317.03726575794;139028.10279636478;69051.49588380878;297881.5035172149
case_ieee30;rtx6k;8192;30;-1;;135583.04508496274;220251.56745313207;64964.989124631655;306684.88389808335
case_ieee30;rtx6k;16384;30;-1;;135864.55238535398;283241.9738336419;64898.75148129087;290557.03295016434
case_ieee30;rtx6k;32768;30;-1;;;;;250940.32508205043
case_ieee30;rtx6k;65536;30;-1;;;;;200143.73568127333
case57;l20;1;57;-1;551.5707553649178;1091.6441383405222;41.20275476854933;139.84392767456887;823.0297551456146
case57;l20;2;57;-1;;2069.071113414882;83.47775070199346;259.4441234856923;1615.885761070814
case57;l20;4;57;-1;;4147.938142877512;166.93242879956293;515.0995857437447;3162.6839276248843
case57;l20;8;57;-1;;8729.902271836405;333.60108741081166;978.0460687498006;6092.500804939676
case57;l20;16;57;-1;4039.2491472894567;17420.636226049806;651.3929163408634;1937.6004254217962;5546.438000675573
case57;l20;32;57;-1;;27319.298375284467;1325.574574315029;3990.7659891852813;10965.840343932861
case57;l20;64;57;-1;;37236.638447921745;2647.648846857422;7820.492797152365;21564.47166617802
case57;l20;128;57;-1;;45462.37419044317;5218.007829754021;15776.144750168787;37644.473743423296
case57;l20;256;57;-1;53683.310245807406;36176.85332763887;10433.507218951489;22728.967548115;65300.54205124602
case57;l20;512;57;-1;57180.19078981733;43289.23459867518;19808.94299123629;23556.529926746178;104252.35855462652
case57;l20;1024;57;-1;81744.5010957076;35531.36936345035;34118.68413372253;18919.176624617015;122905.5797862198
case57;l20;2048;57;-1;28182.226101964643;33742.321047949765;50540.835393972586;15995.619309206608;149746.1926503508
case57;l20;4096;57;-1;16503.761426218156;33586.77128212756;69667.74247612724;15305.194653032804;151372.3489063046
case57;l20;8192;57;-1;13311.027277547091;33960.838176737365;79389.48670215115;14825.648872175329;164196.41908301038
case57;l20;16384;57;-1;7198.441487858296;33586.31739060461;72539.31032298134;14793.22844809495;109670.68454293323
case57;l20;32768;57;-1;;;;;114756.39870098722
case57;l20;65536;57;-1;;;;;93053.0459421619
case57;t4;1;57;-1;322.47389245166806;413.3083730512713;17.439575811636075;47.001829216125444;692.9892708825428
case57;t4;2;57;-1;;822.7105642008887;34.608389758722964;88.49154499457372;1361.3560556028576
case57;t4;4;57;-1;;1555.479329204554;69.48593883839209;169.36780705762106;2489.9729827467963
case57;t4;8;57;-1;;2788.462233172728;138.06455176778314;322.8710942894049;4372.801679136051
case57;t4;16;57;-1;1456.4398245164955;5033.140754956471;274.98719988062635;674.8784075709935;3995.1963198259564
case57;t4;32;57;-1;;5760.331880259552;553.8109608480819;1329.2705638972507;7879.583988737704
case57;t4;64;57;-1;;5977.105184940345;1099.3888149635293;2515.613713990597;14959.59620799213
case57;t4;128;57;-1;;6087.900018723314;2147.339978541126;2962.334798796185;26825.06040895803
case57;t4;256;57;-1;17368.86173862149;6378.866542465347;4059.678160070449;3237.9477132415846;43741.17603315068
case57;t4;512;57;-1;5855.864313356255;6556.906577139092;7091.253922555138;3388.7719382557534;46270.38260764546
case57;t4;1024;57;-1;4930.464952209988;6561.034904658046;10786.871271536787;3500.7097644663204;54143.40274524539
case57;t4;2048;57;-1;15697.783632764915;6533.925977878964;14840.607299046724;3537.690630238491;54621.263833184006
case57;t4;4096;57;-1;8548.078425804284;6279.8070468929845;16959.496231258418;3603.622365176265;57553.54806082246
case57;t4;8192;57;-1;4506.948919558315;6231.198594692841;17416.171009895203;3570.8059251359637;57493.76457284619
case57;t4;16384;57;-1;3087.0226232238147;6033.331185673513;17510.621255417085;3541.955494425139;55613.67430924282
case57;t4;32768;57;-1;;;;;53357.63762709087
case57;t4;65536;57;-1;;;;;48745.583907883
case57;rtx6k;1;57;-1;419.05856208848104;1199.4506848253693;45.49765009564004;143.55426818509366;837.3652199238056
case57;rtx6k;2;57;-1;;2269.5978271090703;91.18143562473618;257.9244629916092;1649.4076492313413
case57;rtx6k;4;57;-1;;4483.416874448611;181.9803835846985;504.6204651116368;3232.476607867557
case57;rtx6k;8;57;-1;;8934.119165301669;361.0116330891512;950.6536114289825;6417.309050170516
case57;rtx6k;16;57;-1;3753.548053669044;18241.295511343615;719.6044338988484;1820.770428733443;4748.338436214534
case57;rtx6k;32;57;-1;;36333.1638051236;1451.9019773072648;3938.3142831097257;9350.665639250374
case57;rtx6k;64;57;-1;;57728.92530373368;2911.1430908743146;7403.434745849053;18323.643469440005
case57;rtx6k;128;57;-1;;76264.9397882911;5605.592812033581;15548.58891043648;35463.68484234005
case57;rtx6k;256;57;-1;48601.55391543703;88502.85310478254;11238.0214080862;28448.03343828507;63320.414280374214
case57;rtx6k;512;57;-1;77263.84030628095;83590.03925177005;20932.40505391036;36478.530812136;110063.74147556828
case57;rtx6k;1024;57;-1;93076.43306135121;77183.96934435384;40249.59082141125;37116.67435873266;171373.69636960933
case57;rtx6k;2048;57;-1;15396.968757110786;69400.9746525148;68041.65151801312;35129.91583622755;226796.83670123943
case57;rtx6k;4096;57;-1;29541.051990470096;69419.091423505;98517.47355359096;33423.59135931632;223346.6484452414
case57;rtx6k;8192;57;-1;15224.54010166629;69605.8612928714;145809.5076566857;33729.24729811685;194852.18255081715
case57;rtx6k;16384;57;-1;8393.639671382141;69566.34948504501;150848.33062531202;33729.639711774915;218729.30761959954
case57;rtx6k;32768;57;-1;;;;;194065.218587397
case57;rtx6k;65536;57;-1;;;;;159829.19683923753
case118;l20;1;118;-1;538.6128033200742;1064.511643138281;41.34220579787099;136.1412501095232;787.3514760122133
case118;l20;2;118;-1;;2043.203778194655;84.43201995585547;256.15094313390136;1571.4161793861292
case118;l20;4;118;-1;;4311.31102340206;167.2167135970241;508.664507046466;2956.0132694966337
case118;l20;8;118;-1;;7940.925546278882;338.9917942134525;960.9668486603041;5535.5297829751635
case118;l20;16;118;-1;3175.3231547150594;12182.976009410151;657.2082898225083;2066.2954391509006;3599.137085020066
case118;l20;32;118;-1;;16452.976950264416;1332.4640108541514;4181.770666181227;7244.391818002246
case118;l20;64;118;-1;;19899.18018532269;2632.0735048180154;8286.940197182576;13981.32665591047
case118;l20;128;118;-1;;21373.55390398271;5154.7565449045405;10772.15361529136;25100.439935403898
case118;l20;256;118;-1;20224.812917394454;18269.80182201056;9720.422193180346;10786.34323869882;44330.72307614365
case118;l20;512;118;-1;46970.52660232997;16061.998963834898;16786.41912960227;9220.09825338502;69610.58317294458
case118;l20;1024;118;-1;26917.866218313327;15505.985510137667;24408.475847417154;7791.6572940287415;87693.33499688702
case118;l20;2048;118;-1;;15366.685005211344;32631.36068668374;6985.111745216937;85414.91168248704
case118;l20;4096;118;-1;;15473.725381275099;36357.66633994507;6904.983969260719;102543.29338519377
case118;l20;8192;118;-1;;15350.333167108312;33112.3330473331;6881.8537721254625;111594.9071994262
case118;l20;16384;118;-1;;14208.937311436306;30498.96944763676;6909.41460518555;85563.64413778977
case118;l20;32768;118;-1;;;;;83000.05726205489
case118;l20;65536;118;-1;;;;;64371.23489606484
case118;t4;1;118;-1;317.2050740805842;411.0495650115009;17.747449908139956;49.50616366989218;671.8491270221616
case118;t4;2;118;-1;;639.6497355627647;35.331660719285296;92.53976100972923;1276.1750460066835
case118;t4;4;118;-1;;1313.8674318223875;70.66417999010041;189.24314092067522;2269.637645495384
case118;t4;8;118;-1;;2229.3294492149475;140.59307509329642;359.8713370155252;3749.3141101378005
case118;t4;16;118;-1;1791.624163160938;2604.982849135409;273.68413663221;729.2825950249138;2532.0788548831138
case118;t4;32;118;-1;;2711.9275580101034;546.1461588081327;1282.0697466521412;4965.336229327529
case118;t4;64;118;-1;;2783.371338387381;1071.271948439846;1408.1121354162376;9340.044632732588
case118;t4;128;118;-1;;2894.8338962234743;2029.9174182187899;1509.650589425576;16642.555500711504
case118;t4;256;118;-1;8616.852798418297;2900.93048605864;3459.8906464736183;1562.2538806004197;27167.07594624287
case118;t4;512;118;-1;;2898.3491078916313;5156.965726683087;1601.379083726081;28708.41682610031
case118;t4;1024;118;-1;;2805.4188130651382;6857.618591154793;1629.1921075283883;32141.756899422155
case118;t4;2048;118;-1;;2758.1540151131376;7747.189281861829;1638.9861413200567;32373.715787081794
case118;t4;4096;118;-1;;2726.2117953231127;7935.546529140456;1599.515414910479;33836.57186600336
case118;t4;8192;118;-1;;2664.5473583787216;7983.390289431219;;33419.65591423089
case118;t4;16384;118;-1;;;7991.238415828744;;32220.958941452325
case118;t4;32768;118;-1;;;;;31315.439019240905
case118;t4;65536;118;-1;;;;;30767.784374350776
case118;rtx6k;1;118;-1;222.56493590215047;1224.7826792657906;45.94946425105744;143.6580813533059;814.7127274871667
case118;rtx6k;2;118;-1;;2297.8036168549625;90.64987237013914;260.9925908196795;1583.6993375794302
case118;rtx6k;4;118;-1;;4688.898081892015;181.5811508548309;530.6484083725657;3145.881645904117
case118;rtx6k;8;118;-1;;9304.871812336789;359.01288846105746;1056.9105752737255;6180.150345568723
case118;rtx6k;16;118;-1;2551.403972388233;18502.56949282267;699.4081276549861;2050.604943657884;2924.088047691606
case118;rtx6k;32;118;-1;;27030.86229563596;1399.4880040864448;4161.9681065022805;5817.449287565795
case118;rtx6k;64;118;-1;;36101.02112190062;2707.6119668725887;8212.412484603088;11484.638731843967
case118;rtx6k;128;118;-1;;39639.58816490459;5643.550892807865;16424.426614288088;22321.068975696195
case118;rtx6k;256;118;-1;34817.210072136055;36731.146681230464;11291.62751065382;17464.350691067557;40797.500579563275
case118;rtx6k;512;118;-1;26222.20028645257;33594.74867157395;19905.68440275771;17683.505514820863;71929.38873649288
case118;rtx6k;1024;118;-1;29831.086027233287;31580.49862221389;33101.81651958376;16998.180636017027;118780.41783740808
case118;rtx6k;2048;118;-1;28820.117629809676;31871.43413291793;51245.27943879159;15887.908368891704;162900.59634850628
case118;rtx6k;4096;118;-1;;32023.866477798845;66516.42531744379;15603.922172546518;163490.1362857699
case118;rtx6k;8192;118;-1;;31635.827107580673;67745.64004082965;15654.732702200072;145514.24790160346
case118;rtx6k;16384;118;-1;;33047.1636044383;62274.09886754322;15682.573936537727;159902.43440920385
case118;rtx6k;32768;118;-1;;;;;145765.2918539901
case118;rtx6k;65536;118;-1;;;;;126414.35395963473
case_ACTIVSg500;l20;1;500;-1;347.1471168463212;1099.0718386639717;29.088930656674624;69.42110375796337;598.7123524331835
case_ACTIVSg500;l20;2;500;-1;;2221.5635047478922;54.48177478200475;98.71189199067727;1151.5288933360316
case_ACTIVSg500;l20;4;500;-1;;3509.519538826827;122.034818147514;189.2795642611991;2017.6488286008948
case_ACTIVSg500;l20;8;500;-1;;4762.567383512672;207.9265911221515;353.8961118838808;3362.5495149461904
case_ACTIVSg500;l20;16;500;-1;797.822751372639;5719.229370286088;373.81031130411384;738.2643719926895;820.2295295418472
case_ACTIVSg500;l20;32;500;-1;;6046.1865474494125;778.8333728245397;1447.5334608593691;1624.1970191587566
case_ACTIVSg500;l20;64;500;-1;;5058.172428877753;1853.1373878094873;2176.3913584411316;3197.1992537152523
case_ACTIVSg500;l20;128;500;-1;;4659.9036287940135;3755.798314589178;1959.8458071998402;6092.155725061919
case_ACTIVSg500;l20;256;500;-1;6533.333307387154;4364.806058853623;3846.0406892863425;1796.6491487406936;11323.607712484149
case_ACTIVSg500;l20;512;500;-1;6866.845480848581;4346.352270140866;6362.116491873329;1787.6494191034094;19135.809766180755
case_ACTIVSg500;l20;1024;500;-1;5649.3635775906505;4401.77518498502;8103.933949015495;1750.0439166937622;24766.70552143503
case_ACTIVSg500;l20;2048;500;-1;4780.498751780672;4353.984253590436;8353.936425399992;1747.2160791250255;24810.738712201855
case_ACTIVSg500;l20;4096;500;-1;3442.481742810474;4047.626423303907;7964.547475087968;1763.6226167582684;25684.955228907493
case_ACTIVSg500;l20;8192;500;-1;2177.8614495557517;4047.2054742421083;7743.533998249316;;28597.160352719184
case_ACTIVSg500;l20;16384;500;-1;1398.0741578139148;;7645.744826211228;;27201.424221043268
case_ACTIVSg500;l20;32768;500;-1;;;;;25902.808558997473
case_ACTIVSg500;l20;65536;500;-1;;;;;21235.30174491636
case_ACTIVSg500;t4;1;500;-1;228.2275387897002;297.9644396331936;17.6401588994833;40.1578997077887;452.8184711633851
case_ACTIVSg500;t4;2;500;-1;;460.3512204942713;34.199916244173465;66.70985010128491;808.5807612754528
case_ACTIVSg500;t4;4;500;-1;;732.1727172622096;69.43278406707788;146.05007441202537;1238.93348020879
case_ACTIVSg500;t4;8;500;-1;;752.9012734201059;135.67952866305248;288.30128314131633;1686.5318546502638
case_ACTIVSg500;t4;16;500;-1;521.828204107467;780.870257311563;255.35473631046895;368.4798624925291;557.1651332943297
case_ACTIVSg500;t4;32;500;-1;;807.7034077658589;476.1230974415421;389.8691829869815;1077.9584197156187
case_ACTIVSg500;t4;64;500;-1;;822.8381262705021;852.7872850226669;404.7881813986328;1961.7019968023214
case_ACTIVSg500;t4;128;500;-1;;818.3082871317366;1325.727616647464;413.1597032399913;3494.1006771344614
case_ACTIVSg500;t4;256;500;-1;1559.2580012016224;807.0142329151352;1783.9388502423765;415.7713590272316;5771.663487888158
case_ACTIVSg500;t4;512;500;-1;1435.914589963929;762.1962783837912;2054.747293716253;415.3203945036487;6051.7579505928825
case_ACTIVSg500;t4;1024;500;-1;779.2010337311605;738.6195857284129;2108.655605771768;414.7888116890995;6826.715772902545
case_ACTIVSg500;t4;2048;500;-1;1144.932228698284;712.3631168179041;2108.681392925826;;6856.449893937343
case_ACTIVSg500;t4;4096;500;-1;838.1817923042389;;2113.543950060391;;7258.7338154363115
case_ACTIVSg500;t4;8192;500;-1;;;2096.7856445105226;;7311.29747913821
case_ACTIVSg500;t4;16384;500;-1;;;2112.3368381500613;;7237.549608354874
case_ACTIVSg500;t4;32768;500;-1;;;;;7090.192973093341
case_ACTIVSg500;t4;65536;500;-1;;;;;
case_ACTIVSg500;rtx6k;1;500;-1;188.74498440432635;1238.7279787097984;43.26056309320454;133.2925916071406;575.2615649202071
case_ACTIVSg500;rtx6k;2;500;-1;;2334.7770334557017;85.18922187302294;258.3568195406066;1141.1365983482954
case_ACTIVSg500;rtx6k;4;500;-1;;4788.939590523592;173.20542183160507;515.210636991933;2184.0947103091335
case_ACTIVSg500;rtx6k;8;500;-1;;8128.523199417149;329.56122023915117;957.1992113741682;3895.0850676052028
case_ACTIVSg500;rtx6k;16;500;-1;665.8789550558851;11594.026316689791;613.5474132840424;1925.9888943921744;638.3542433468601
case_ACTIVSg500;rtx6k;32;500;-1;;13561.06247210496;1243.18440238029;3599.371086403467;1270.7840028052024
case_ACTIVSg500;rtx6k;64;500;-1;;12333.132660143221;2481.170997438746;4218.015365876811;2525.985847614699
case_ACTIVSg500;rtx6k;128;500;-1;;10324.61129489067;4730.1059104951055;4394.531738603837;4974.4876143913925
case_ACTIVSg500;rtx6k;256;500;-1;7361.471167008129;9025.393776238154;7784.996452574121;4108.279010587596;9642.417098028269
case_ACTIVSg500;rtx6k;512;500;-1;8346.15307165661;9133.938851009145;12198.450813071939;3967.9285378106297;18939.263395706563
case_ACTIVSg500;rtx6k;1024;500;-1;7551.521798053254;9290.16364066854;16560.35505851888;4026.460924743381;32212.39476448725
case_ACTIVSg500;rtx6k;2048;500;-1;5550.874634535474;9336.353856566247;17822.68815353927;4029.9183855986894;45669.7817758444
case_ACTIVSg500;rtx6k;4096;500;-1;4335.498621168809;9395.902734507863;17163.01346222607;4022.26877029306;45673.49244106599
case_ACTIVSg500;rtx6k;8192;500;-1;2837.398796538532;9450.009197313271;16585.418290194833;4024.665094658302;46790.14880065067
case_ACTIVSg500;rtx6k;16384;500;-1;1798.5505909787285;9467.509243950524;16247.836036888735;;49823.31455696074
case_ACTIVSg500;rtx6k;32768;500;-1;;;;;48124.62240452242
case_ACTIVSg500;rtx6k;65536;500;-1;;;;;46035.79046347519
case1354pegase;l20;1;1354;-1;251.31612226163875;569.712297118418;22.70418649830169;116.46447247155432;464.24125745394196
case1354pegase;l20;2;1354;-1;;442.99860133704414;44.41647409704691;243.0316867386226;843.409298108279
case1354pegase;l20;4;1354;-1;;999.1456718362427;78.95229549129971;491.5467565345727;1479.2295504235008
case1354pegase;l20;8;1354;-1;;1391.1472815181537;178.6967425208943;867.5090981050276;2181.4505066518327
case1354pegase;l20;16;1354;-1;270.2227282086512;1523.276421405776;366.7418130650804;902.066485049809;317.8846469690739
case1354pegase;l20;32;1354;-1;;1539.8835050278365;697.6382903401637;820.8564022607591;629.737476259343
case1354pegase;l20;64;1354;-1;;1437.6630965913987;1067.6548285491529;669.0928806837957;1239.6620192061966
case1354pegase;l20;128;1354;-1;;1429.8732249738316;1760.0647858605168;605.9408201378977;2389.311404624442
case1354pegase;l20;256;1354;-1;2312.3519651667343;1460.1489550718395;2426.9541408431755;589.275089581799;4263.198405438561
case1354pegase;l20;512;1354;-1;2485.3979216215457;1453.7042324397644;2701.764619942865;580.4226819590536;6579.312852225058
case1354pegase;l20;1024;1354;-1;2719.907542002306;1462.6283620736272;2671.9358005434383;581.9746806798915;9651.395974886962
case1354pegase;l20;2048;1354;-1;1965.987771031209;;2612.825681906961;;9580.508562136933
case1354pegase;l20;4096;1354;-1;1439.5074246401105;;2557.4025791892695;;10021.70931711486
case1354pegase;l20;8192;1354;-1;;;2471.803036282412;;11232.438240208967
case1354pegase;l20;16384;1354;-1;;;2462.4862312723403;;10895.800073509316
case1354pegase;l20;32768;1354;-1;;;;;10604.830150363927
case1354pegase;l20;65536;1354;-1;;;;;8994.238553531566
case1354pegase;t4;1;1354;-1;149.83563204284317;;;;337.76426826457555
case1354pegase;t4;2;1354;-1;;;;;540.5812372714175
case1354pegase;t4;4;1354;-1;;;;;738.6109695343321
case1354pegase;t4;8;1354;-1;;;;;899.7473762464942
case1354pegase;t4;16;1354;-1;14.271210220132781;;;;203.10558392406125
case1354pegase;t4;32;1354;-1;;;;;386.11379323178045
case1354pegase;t4;64;1354;-1;;;;;719.9708992587123
case1354pegase;t4;128;1354;-1;;;;;1293.9691764915904
case1354pegase;t4;256;1354;-1;;;;;2041.8638007364939
case1354pegase;t4;512;1354;-1;264.79741878716317;;;;2222.0986702133278
case1354pegase;t4;1024;1354;-1;413.2638283875259;;;;2474.220753637793
case1354pegase;t4;2048;1354;-1;415.7054595157617;;;;2523.902050396098
case1354pegase;t4;4096;1354;-1;;;;;2650.08196884887
case1354pegase;t4;8192;1354;-1;;;;;2673.0001139792225
case1354pegase;t4;16384;1354;-1;;;;;2636.5656946048275
case1354pegase;t4;32768;1354;-1;;;;;
case1354pegase;t4;65536;1354;-1;;;;;
case1354pegase;rtx6k;1;1354;-1;212.93882264131986;663.8123255008416;41.34976765081522;127.40704754955085;436.3586633240167
case1354pegase;rtx6k;2;1354;-1;;1958.9230083120085;80.93315569500383;254.91171526377013;843.2427405465025
case1354pegase;rtx6k;4;1354;-1;;2438.951331755364;160.05415856593996;517.592039976366;1530.9882366915285
case1354pegase;rtx6k;8;1354;-1;;3874.439366609948;318.59862927507663;1026.6229778414238;2479.75422359632
case1354pegase;rtx6k;16;1354;-1;231.43603478188928;3992.8833596097506;629.9421533557738;1515.1559190148305;241.35486995575903
case1354pegase;rtx6k;32;1354;-1;;3510.687419318136;1192.8703932933788;1604.5669348787967;481.2615761746067
case1354pegase;rtx6k;64;1354;-1;;3142.600307096216;2054.547475435722;1507.3523181773262;955.7106844722898
case1354pegase;rtx6k;128;1354;-1;;3047.26890637348;3491.201273242671;1436.6394055509402;1890.3558081395183
case1354pegase;rtx6k;256;1354;-1;2448.7378488844124;3105.7959274532986;4982.713615525412;1416.3951111180074;3638.3747388437637
case1354pegase;rtx6k;512;1354;-1;3220.302654704452;2273.6111164671183;5848.3550389409575;1413.1616820591532;6892.481893506773
case1354pegase;rtx6k;1024;1354;-1;3327.508169180307;2276.168270743344;5881.462908024282;1407.9623830031028;11598.35586942596
case1354pegase;rtx6k;2048;1354;-1;2824.603123275699;2913.6614946525833;5629.025079450444;1411.0129898916405;17265.43670093542
case1354pegase;rtx6k;4096;1354;-1;1951.4311028428028;3186.954719182559;5551.169443364291;1417.8367501027628;17327.869653464
case1354pegase;rtx6k;8192;1354;-1;1252.6891370434228;;5398.597557974916;;18334.392189475613
case1354pegase;rtx6k;16384;1354;-1;;;5280.140654909197;;19454.87454505649
case1354pegase;rtx6k;32768;1354;-1;;;;;19302.543449859586
case1354pegase;rtx6k;65536;1354;-1;;;;;18587.786383044404
case_ACTIVSg2000;l20;1;2000;-1;192.5105857724782;432.6806373286631;32.09212497141205;46.37328150022232;288.42466271440344
case_ACTIVSg2000;l20;2;2000;-1;;540.4068021503259;53.12772249914909;152.14986018764952;525.4876790057892
case_ACTIVSg2000;l20;4;2000;-1;;765.8740214375852;115.83024155421829;239.65136308808215;772.0691908115423
case_ACTIVSg2000;l20;8;2000;-1;;975.416337178682;234.27128942090326;414.6180641756654;1235.7160776549604
case_ACTIVSg2000;l20;16;2000;-1;149.21791047552728;962.7920044203081;453.50396505597683;492.2089885751335;164.6986105894346
case_ACTIVSg2000;l20;32;2000;-1;;912.8734996754746;713.6859196046978;482.36433462837664;328.9608074903347
case_ACTIVSg2000;l20;64;2000;-1;;902.7549100425555;1120.226896936919;399.5217839513723;648.6785795140122
case_ACTIVSg2000;l20;128;2000;-1;;919.3091351250478;1571.5574911615656;385.6533477505372;1150.91954440691
case_ACTIVSg2000;l20;256;2000;-1;1251.8905152331135;924.1482643052728;1760.3712945970979;382.2906786729989;2002.8313944867148
case_ACTIVSg2000;l20;512;2000;-1;1722.833169076883;919.6107312494179;1792.3599822682313;381.78346234165895;3258.9873944574488
case_ACTIVSg2000;l20;1024;2000;-1;1874.7696999928428;845.0441202837143;1707.6239527195942;382.06217551694897;4791.404216472358
case_ACTIVSg2000;l20;2048;2000;-1;1460.2188312068197;;1673.5169918982194;;4774.080442051738
case_ACTIVSg2000;l20;4096;2000;-1;1127.9682013950103;;1623.6006025853585;;4917.879956513072
case_ACTIVSg2000;l20;8192;2000;-1;;;1596.95399961384;;5247.672893151043
case_ACTIVSg2000;l20;16384;2000;-1;;;1599.558749692906;;5457.492071267729
case_ACTIVSg2000;l20;32768;2000;-1;;;;;
case_ACTIVSg2000;l20;65536;2000;-1;;;;;
case_ACTIVSg2000;t4;1;2000;-1;109.70517691475084;138.52510984154043;13.786098003317356;44.99016732039557;141.21003612612245
case_ACTIVSg2000;t4;2;2000;-1;;148.41069145935663;27.299445306057095;78.25674514152362;224.87087412940906
case_ACTIVSg2000;t4;4;2000;-1;;43.26943947883212;52.53888401434902;85.32875789169002;318.3712263184172
case_ACTIVSg2000;t4;8;2000;-1;;160.79155592495232;97.9676053235166;90.25882211680687;391.3169179671648
case_ACTIVSg2000;t4;16;2000;-1;25.696293138677557;167.7518976349004;179.47722503799315;94.51263331816875;98.82246703271706
case_ACTIVSg2000;t4;32;2000;-1;;166.18498260449996;274.6289307720966;96.39302287636508;191.18031895311728
case_ACTIVSg2000;t4;64;2000;-1;;155.9152207089376;381.731149241999;96.89982455194749;364.01468462882605
case_ACTIVSg2000;t4;128;2000;-1;;152.76576302715569;440.4398268613691;96.05140146137062;647.8202001114273
case_ACTIVSg2000;t4;256;2000;-1;;;451.6001960578824;;950.2078825692033
case_ACTIVSg2000;t4;512;2000;-1;174.40754152063352;;451.70894758700837;;956.8654537551342
case_ACTIVSg2000;t4;1024;2000;-1;188.73891533349362;;452.73406948394415;;1083.5081123094437
case_ACTIVSg2000;t4;2048;2000;-1;;;450.19805010465177;;1088.1281904385796
case_ACTIVSg2000;t4;4096;2000;-1;;;;;1138.1059495498903
case_ACTIVSg2000;t4;8192;2000;-1;;;;;1152.0009836989007
case_ACTIVSg2000;t4;16384;2000;-1;;;;;
case_ACTIVSg2000;t4;32768;2000;-1;;;;;
case_ACTIVSg2000;t4;65536;2000;-1;;;;;
case_ACTIVSg2000;rtx6k;1;2000;-1;153.79326282731662;1216.985598754305;43.26421182712661;137.54127969474553;240.15813326263918
case_ACTIVSg2000;rtx6k;2;2000;-1;;1473.4432140850251;85.71026232733722;262.806877736385;462.4216694524402
case_ACTIVSg2000;rtx6k;4;2000;-1;;1651.197558986267;168.7422312383295;523.7549559379161;834.8177888620655
case_ACTIVSg2000;rtx6k;8;2000;-1;;2501.1556517541444;332.4565990773242;858.3639260837889;1320.8750187966637
case_ACTIVSg2000;rtx6k;16;2000;-1;116.57914563869828;2418.840367180032;644.5845685290906;911.1016926390781;123.00565983808424
case_ACTIVSg2000;rtx6k;32;2000;-1;;2160.367269608448;1117.7257940241695;929.0683203131441;244.9087856576555
case_ACTIVSg2000;rtx6k;64;2000;-1;;1903.0235614926607;1857.9717329094153;838.481924184143;487.7350482330412
case_ACTIVSg2000;rtx6k;128;2000;-1;;1948.8080816136996;2922.6624936784783;791.9745908463112;954.490237664041
case_ACTIVSg2000;rtx6k;256;2000;-1;1264.7371260796524;1964.9792196473127;3609.902951274793;792.816829388118;1674.721714863659
case_ACTIVSg2000;rtx6k;512;2000;-1;1878.6783719003824;1977.593373839058;3773.7523243588707;804.2145063927694;3173.724329484831
case_ACTIVSg2000;rtx6k;1024;2000;-1;2260.591295494509;1995.9507154233027;3518.3001352062724;805.6619523043809;5537.4597199727905
case_ACTIVSg2000;rtx6k;2048;2000;-1;1972.0145353440912;2003.1382232325002;3467.6477724596425;806.8922164986847;8464.275659368457
case_ACTIVSg2000;rtx6k;4096;2000;-1;1370.4287471845169;;3408.80747214942;;8466.858989215658
case_ACTIVSg2000;rtx6k;8192;2000;-1;944.5164213440828;;3340.4193297599722;;8770.377664258847
case_ACTIVSg2000;rtx6k;16384;2000;-1;;;3372.9505764342875;;9520.691043725534
case_ACTIVSg2000;rtx6k;32768;2000;-1;;;;;9439.982729787898
case_ACTIVSg2000;rtx6k;65536;2000;-1;;;;;9153.360948363756
case2869pegase;l20;1;2869;-1;231.5457401018016;583.061085536489;38.348053470296485;120.06252076248315;365.5344232685445
case2869pegase;l20;2;2869;-1;;765.5546290521271;63.243947757133675;242.83872379345215;667.9572241788715
case2869pegase;l20;4;2869;-1;;845.9621928649998;146.47430945148503;396.7873245589147;1041.8934579024976
case2869pegase;l20;8;2869;-1;;786.5738395973461;271.375062999626;422.788630893997;1512.5508519858834
case2869pegase;l20;16;2869;-1;128.49727388101877;730.5126738521969;490.32552755366623;357.8586977356017;141.4560822722368
case2869pegase;l20;32;2869;-1;;659.4537105559134;739.2443794088341;294.3717771682003;283.0518015315609
case2869pegase;l20;64;2869;-1;;655.1715884482444;1067.5400537260261;275.67986550061363;555.5283532713416
case2869pegase;l20;128;2869;-1;;661.2819873693747;1358.0058912496986;270.39897166856355;1017.198521211093
case2869pegase;l20;256;2869;-1;;654.521117720676;1325.1619600631782;267.0667533678741;1779.2087759716508
case2869pegase;l20;512;2869;-1;925.868280438925;597.3437828762555;1218.1348755346057;267.5774891048828;2846.399394416048
case2869pegase;l20;1024;2869;-1;1021.0276093749499;552.1850245341972;1185.1908833933387;;4073.060554782547
case2869pegase;l20;2048;2869;-1;816.7658548785869;;1151.4476620696496;;4242.1187947983
case2869pegase;l20;4096;2869;-1;;;1115.6816120726296;;4507.365837307265
case2869pegase;l20;8192;2869;-1;;;1112.4209836445818;;4688.133603995236
case2869pegase;l20;16384;2869;-1;;;;;4096.115724018352
case2869pegase;l20;32768;2869;-1;;;;;
case2869pegase;l20;65536;2869;-1;;;;;
case2869pegase;t4;1;2869;-1;125.89309826373876;;;;168.81553204525952
case2869pegase;t4;2;2869;-1;;;;;280.5746156485882
case2869pegase;t4;4;2869;-1;;;;;380.7566060872147
case2869pegase;t4;8;2869;-1;;;;;448.4969829339067
case2869pegase;t4;16;2869;-1;23.0143235161008;;;;83.6417064155453
case2869pegase;t4;32;2869;-1;;;;;161.5107887692935
case2869pegase;t4;64;2869;-1;;;;;310.86456697288656
case2869pegase;t4;128;2869;-1;;;;;573.2880787117641
case2869pegase;t4;256;2869;-1;;;;;883.0864415200775
case2869pegase;t4;512;2869;-1;115.33379466525979;;;;950.1039101999629
case2869pegase;t4;1024;2869;-1;;;;;1075.6678126513839
case2869pegase;t4;2048;2869;-1;;;;;1081.173933272997
case2869pegase;t4;4096;2869;-1;;;;;1129.6046860978115
case2869pegase;t4;8192;2869;-1;;;;;
case2869pegase;t4;16384;2869;-1;;;;;
case2869pegase;t4;32768;2869;-1;;;;;
case2869pegase;t4;65536;2869;-1;;;;;
case2869pegase;rtx6k;1;2869;-1;156.42427004134726;1012.1126263187444;37.54562601506334;139.6140736351269;334.50387913434054
case2869pegase;rtx6k;2;2869;-1;;1458.8397016666058;77.13218389762784;259.6512626174109;637.5935911757301
case2869pegase;rtx6k;4;2869;-1;;1703.4289985417863;152.32822190230686;511.8046948899255;1116.4069047446562
case2869pegase;rtx6k;8;2869;-1;;1730.0937285011496;297.3779790415108;631.9397486752878;1758.275764425369
case2869pegase;rtx6k;16;2869;-1;100.9956976663247;1597.0270811468747;573.4299743295826;666.8354085168609;107.14878938327922
case2869pegase;rtx6k;32;2869;-1;;1373.761205742983;965.3886499150503;629.1483622009271;213.36888239323378
case2869pegase;rtx6k;64;2869;-1;;1353.994471568725;1607.4708008243622;575.3436571308745;424.40461790122754
case2869pegase;rtx6k;128;2869;-1;;1389.4337771951646;2272.1155110926006;560.6010875941616;828.2661201179761
case2869pegase;rtx6k;256;2869;-1;1027.9434121939955;1405.3997511019345;2550.7932193042134;560.4841189376655;1514.5924439366497
case2869pegase;rtx6k;512;2869;-1;1163.1687992713337;1413.9457476290056;2511.163622883484;560.8313648258379;2831.5675007973737
case2869pegase;rtx6k;1024;2869;-1;1344.0874410470708;1420.4218463852103;2437.6225795185806;561.8310098472135;4875.176400414184
case2869pegase;rtx6k;2048;2869;-1;1246.7334223193625;;2445.7267506339263;;7701.518535680622
case2869pegase;rtx6k;4096;2869;-1;848.2006656816947;;2382.8782178567726;;7935.582192804311
case2869pegase;rtx6k;8192;2869;-1;;;2361.8638034947558;;8278.54488330794
case2869pegase;rtx6k;16384;2869;-1;;;2358.0419602869624;;8938.856183727597
case2869pegase;rtx6k;32768;2869;-1;;;;;8850.659424100539
case2869pegase;rtx6k;65536;2869;-1;;;;;
case3120sp;l20;1;3120;-1;182.3779965085982;405.5002169900582;;47.02038445527535;340.1584303873444
case3120sp;l20;2;3120;-1;;821.8975080415534;;94.77552046795394;601.9379837367087
case3120sp;l20;4;3120;-1;;697.3941863469219;;152.28987378246978;975.7986518958389
case3120sp;l20;8;3120;-1;;782.8245677022544;;283.48402019440226;1381.603132256794
case3120sp;l20;16;3120;-1;94.35916524839735;730.6315057945534;;317.55169185309535;122.36566476149272
case3120sp;l20;32;3120;-1;;672.382049080618;;277.2101666237343;242.82723749349603
case3120sp;l20;64;3120;-1;;679.9342268948338;;271.0395154923077;475.01423198958923
case3120sp;l20;128;3120;-1;;691.39334269238;;263.6569735651871;870.734568004171
case3120sp;l20;256;3120;-1;883.7704693562866;685.8429803564306;;265.64736225888726;1525.542478772396
case3120sp;l20;512;3120;-1;1144.7993368559228;687.8638296140975;;266.3886098270221;2479.8843058383263
case3120sp;l20;1024;3120;-1;1203.5338349100452;640.715849648522;;;3633.329131978525
case3120sp;l20;2048;3120;-1;1120.9319721347379;;;;3744.3809686188984
case3120sp;l20;4096;3120;-1;;;;;3814.427094218782
case3120sp;l20;8192;3120;-1;;;;;3945.7110847010895
case3120sp;l20;16384;3120;-1;;;;;4051.4047589929896
case3120sp;l20;32768;3120;-1;;;;;
case3120sp;l20;65536;3120;-1;;;;;
case3120sp;t4;1;3120;-1;101.45869029747203;119.87677834926393;;48.62365101285342;153.0161486043614
case3120sp;t4;2;3120;-1;;115.85344675662213;;55.535314203881505;251.38536374079197
case3120sp;t4;4;3120;-1;;126.93701428596566;;59.91920872947035;348.3885269403307
case3120sp;t4;8;3120;-1;;127.97151448123113;;62.70554467039276;416.8707984384239
case3120sp;t4;16;3120;-1;50.50276911259858;130.2362614640532;;64.35026141259495;71.80703884551474
case3120sp;t4;32;3120;-1;;129.40014359926482;;64.83793166923087;138.51364709014527
case3120sp;t4;64;3120;-1;;123.6424065324673;;65.7960693652783;267.33006200368175
case3120sp;t4;128;3120;-1;;119.88024373057897;;66.04113286987452;493.88164048284756
case3120sp;t4;256;3120;-1;;;;;775.4373293389573
case3120sp;t4;512;3120;-1;222.41397667596138;;;;823.2113420995016
case3120sp;t4;1024;3120;-1;;;;;932.4996036838292
case3120sp;t4;2048;3120;-1;;;;;936.7641193378196
case3120sp;t4;4096;3120;-1;;;;;981.694412568455
case3120sp;t4;8192;3120;-1;;;;;
case3120sp;t4;16384;3120;-1;;;;;
case3120sp;t4;32768;3120;-1;;;;;
case3120sp;t4;65536;3120;-1;;;;;
case3120sp;rtx6k;1;3120;-1;143.57457330245322;1104.9416753574828;;134.52199506115664;307.87247805647473
case3120sp;rtx6k;2;3120;-1;;1534.806673671823;;245.0480289292749;586.0446417795113
case3120sp;rtx6k;4;3120;-1;;1899.9871512114055;;449.3419119979982;1017.5443407621649
case3120sp;rtx6k;8;3120;-1;;2083.786989101755;;579.5722661358761;1604.97642293169
case3120sp;rtx6k;16;3120;-1;73.50669185829962;1769.181260073996;;652.1313864255773;92.38361630629414
case3120sp;rtx6k;32;3120;-1;;1456.4868155329777;;610.8478845271161;184.127819910063
case3120sp;rtx6k;64;3120;-1;;1442.310860250989;;554.4584464146949;366.2815516384309
case3120sp;rtx6k;128;3120;-1;;1457.4616219545883;;550.7024326222545;710.4908778303244
case3120sp;rtx6k;256;3120;-1;833.2579211774266;1467.9895409211176;;554.9678397934117;1291.0406139541242
case3120sp;rtx6k;512;3120;-1;1244.9738270791377;1478.6863200762236;;555.7947195551858;2381.723277430592
case3120sp;rtx6k;1024;3120;-1;1478.532099520893;1484.074852423747;;556.1705870841362;4171.399071730967
case3120sp;rtx6k;2048;3120;-1;1381.3723197917243;1487.503236287594;;;6809.621697961498
case3120sp;rtx6k;4096;3120;-1;1116.1330907022582;;;;7048.646792742414
case3120sp;rtx6k;8192;3120;-1;;;;;7352.536953937794
case3120sp;rtx6k;16384;3120;-1;;;;;7940.998885075144
case3120sp;rtx6k;32768;3120;-1;;;;;7882.068926498487
case3120sp;rtx6k;65536;3120;-1;;;;;
case3375wp;l20;1;3375;-1;355.4795979047508;495.9108663643352;;57.352912520611746;348.9003899283585
case3375wp;l20;2;3375;-1;;514.6112801437321;;84.78960737978369;624.4397621912898
case3375wp;l20;4;3375;-1;;642.9112368133149;;157.28209593858165;982.9075281039718
case3375wp;l20;8;3375;-1;;687.6717656539404;;262.41691170621726;1349.1841243992544
case3375wp;l20;16;3375;-1;172.8478297427703;652.8254961076931;;266.30177739952387;115.75419873315177
case3375wp;l20;32;3375;-1;;621.3867573385502;;252.6996169197133;229.96153468135992
case3375wp;l20;64;3375;-1;;619.1243633174541;;246.22692292296483;451.662247094813
case3375wp;l20;128;3375;-1;;630.8239730193901;;242.35268570232017;813.9906175311486
case3375wp;l20;256;3375;-1;1335.7274187415628;624.3428171967732;;243.05372102435322;1427.0354097901816
case3375wp;l20;512;3375;-1;1592.2498304630271;578.5954666364267;;244.01136076005326;2345.0042341070243
case3375wp;l20;1024;3375;-1;1557.3616532209282;;;;3348.860040875344
case3375wp;l20;2048;3375;-1;1108.2710201362659;;;;3536.868152537933
case3375wp;l20;4096;3375;-1;;;;;3622.6763256144723
case3375wp;l20;8192;3375;-1;;;;;3772.975109863292
case3375wp;l20;16384;3375;-1;;;;;3276.486711016654
case3375wp;l20;32768;3375;-1;;;;;
case3375wp;l20;65536;3375;-1;;;;;
case3375wp;t4;1;3375;-1;192.31014833596146;109.4882792111118;;39.33369463095138;161.57468524108782
case3375wp;t4;2;3375;-1;;104.21025090798294;;50.660495073159396;255.8058495649436
case3375wp;t4;4;3375;-1;;113.26456482120355;;55.89751291762381;336.2039497855452
case3375wp;t4;8;3375;-1;;117.74696061455393;;57.80320831070339;402.56714118627633
case3375wp;t4;16;3375;-1;88.62347063362746;118.30741805251351;;58.94626196720057;67.49739977007063
case3375wp;t4;32;3375;-1;;117.29565396641677;;59.83583473467422;130.16984100512335
case3375wp;t4;64;3375;-1;;114.93996270007435;;60.12770961623598;251.07974219340446
case3375wp;t4;128;3375;-1;;;;;463.01523009345004
case3375wp;t4;256;3375;-1;;;;;732.0870593496721
case3375wp;t4;512;3375;-1;302.8355426948586;;;;774.9009778445931
case3375wp;t4;1024;3375;-1;;;;;876.4159872439293
case3375wp;t4;2048;3375;-1;;;;;881.7227351646917
case3375wp;t4;4096;3375;-1;;;;;924.4904350420403
case3375wp;t4;8192;3375;-1;;;;;
case3375wp;t4;16384;3375;-1;;;;;
case3375wp;t4;32768;3375;-1;;;;;
case3375wp;t4;65536;3375;-1;;;;;
case3375wp;rtx6k;1;3375;-1;260.43604571113246;1089.6556453903206;;134.3128438229369;315.37865313218504
case3375wp;rtx6k;2;3375;-1;;1496.1919920380103;;225.98200293195228;595.3082131461582
case3375wp;rtx6k;4;3375;-1;;1810.727262536225;;428.31494911960107;1027.3029461696597
case3375wp;rtx6k;8;3375;-1;;1854.2133194553367;;562.8745474226472;1624.2192930566678
case3375wp;rtx6k;16;3375;-1;136.16898044573819;1605.1140001612096;;601.9348980244216;87.08019509872217
case3375wp;rtx6k;32;3375;-1;;1309.3083759351964;;548.5606772914534;173.45449399893033
case3375wp;rtx6k;64;3375;-1;;1314.901922966076;;508.0766396671176;345.236943962492
case3375wp;rtx6k;128;3375;-1;;1332.788036230189;;507.3120629336863;667.106360600039
case3375wp;rtx6k;256;3375;-1;1369.0222617025827;1338.021634009662;;509.1671789506707;1238.6046281743475
case3375wp;rtx6k;512;3375;-1;1870.8445740425332;1347.2600047220612;;510.00585828813547;2235.9369935238115
case3375wp;rtx6k;1024;3375;-1;2040.3185955444633;1352.342583905635;;510.66505444574926;3942.3247936156417
case3375wp;rtx6k;2048;3375;-1;1656.7446385126268;1354.671936178401;;;6428.9508080911655
case3375wp;rtx6k;4096;3375;-1;1102.1016718061435;;;;6718.606295689551
case3375wp;rtx6k;8192;3375;-1;;;;;6926.922219727804
case3375wp;rtx6k;16384;3375;-1;;;;;7420.9018825362855
case3375wp;rtx6k;32768;3375;-1;;;;;7394.04386023097
case3375wp;rtx6k;65536;3375;-1;;;;;
case6515rte;l20;1;6515;-1;135.6640675558388;236.73139089972472;37.25609498318308;116.96650210218714;267.13282551761546
case6515rte;l20;2;6515;-1;;311.5273995241297;72.59456055036668;181.53877449828042;460.10654310381193
case6515rte;l20;4;6515;-1;;324.9086734952342;139.66982471921395;188.08657235671657;686.4447068018621
case6515rte;l20;8;6515;-1;;322.4413072351356;241.35810885149948;162.73983749427742;926.5184269830901
case6515rte;l20;16;6515;-1;41.83819961642048;306.076954383017;348.38760115442074;134.23772392026365;62.584112748606024
case6515rte;l20;32;6515;-1;;309.1230982548771;417.2714260662243;124.94081684684794;123.4876420611216
case6515rte;l20;64;6515;-1;;314.37073791798974;563.8595641843644;122.2618243771412;231.54021654838135
case6515rte;l20;128;6515;-1;;312.623330759131;607.9170792833114;122.74291897905547;413.76663577177015
case6515rte;l20;256;6515;-1;149.41350674093056;288.19991003807655;568.605762268225;;743.4223077978962
case6515rte;l20;512;6515;-1;391.52977897717483;;554.6739447862816;;1231.315304131136
case6515rte;l20;1024;6515;-1;411.8873938230346;;542.6123787309792;;1821.2089267055617
case6515rte;l20;2048;6515;-1;;;525.6818512887928;;1877.3259901745419
case6515rte;l20;4096;6515;-1;;;;;1919.5854120408646
case6515rte;l20;8192;6515;-1;;;;;1867.8743483717449
case6515rte;l20;16384;6515;-1;;;;;
case6515rte;l20;32768;6515;-1;;;;;
case6515rte;l20;65536;6515;-1;;;;;
case6515rte;t4;1;6515;-1;59.96953734995273;53.47389023814467;17.302762706708272;24.26816180758346;118.35178831575183
case6515rte;t4;2;6515;-1;;53.13616300156951;32.42798856164399;27.095797653931452;173.02057365077263
case6515rte;t4;4;6515;-1;;55.20940381770692;58.6651726878666;28.81218124982886;219.8107023208748
case6515rte;t4;8;6515;-1;;55.46742839284678;90.45048807105941;29.408361271643905;250.94619873698406
case6515rte;t4;16;6515;-1;19.783673986343956;53.44840367228036;124.04334845566503;29.821574405753704;35.98006505672117
case6515rte;t4;32;6515;-1;;54.42727066977029;144.56956978342382;29.504707294398038;70.85962236576066
case6515rte;t4;64;6515;-1;;;148.85478436110674;;136.63111438690387
case6515rte;t4;128;6515;-1;;;;;250.33693852994372
case6515rte;t4;256;6515;-1;;;;;383.26224109947196
case6515rte;t4;512;6515;-1;;;;;407.59259603433253
case6515rte;t4;1024;6515;-1;;;;;
case6515rte;t4;2048;6515;-1;;;;;
case6515rte;t4;4096;6515;-1;;;;;
case6515rte;t4;8192;6515;-1;;;;;
case6515rte;t4;16384;6515;-1;;;;;
case6515rte;t4;32768;6515;-1;;;;;
case6515rte;t4;65536;6515;-1;;;;;
case6515rte;rtx6k;1;6515;-1;97.2056605441198;723.6677687988861;42.4286552008316;113.81909190353838;241.51252921660324
case6515rte;rtx6k;2;6515;-1;;855.3992034784609;83.89422090184635;194.20693230047894;450.3137120994877
case6515rte;rtx6k;4;6515;-1;;858.7720995273096;163.88695320197488;276.3982965819744;757.9154158261271
case6515rte;rtx6k;8;6515;-1;;781.9821122714997;290.872659251307;293.6962780616581;1137.75695085385
case6515rte;rtx6k;16;6515;-1;32.524752856280614;662.3865762018407;498.5362733412614;267.4095611753826;47.04814603648366
case6515rte;rtx6k;32;6515;-1;;658.7625379480584;799.1831430143965;256.08889802825485;93.7154986308062
case6515rte;rtx6k;64;6515;-1;;667.7355578051753;1094.1114716767283;255.51658141580324;181.5816221987444
case6515rte;rtx6k;128;6515;-1;;674.7460579790355;1208.5401627715103;256.4149959809748;335.014920785072
case6515rte;rtx6k;256;6515;-1;328.82894159346364;678.128695182726;1167.9926530517594;256.6862466124016;635.5046178839118
case6515rte;rtx6k;512;6515;-1;467.4225621689581;682.4057480867275;1149.8553593788772;257.05865833347923;1170.8572725410152
case6515rte;rtx6k;1024;6515;-1;551.1667862575694;;1148.0158209625233;;2132.8848611116287
case6515rte;rtx6k;2048;6515;-1;531.4208505445529;;1128.794558711844;;3472.0681273926907
case6515rte;rtx6k;4096;6515;-1;;;1125.1166484809123;;3630.5651675328677
case6515rte;rtx6k;8192;6515;-1;;;1139.7529176626254;;3750.239929114214
case6515rte;rtx6k;16384;6515;-1;;;;;4069.1349409328222
case6515rte;rtx6k;32768;6515;-1;;;;;
case6515rte;rtx6k;65536;6515;-1;;;;;
case9241pegase;l20;1;9241;-1;90.62113872353576;149.59438078629333;41.58734780445535;74.20692860264099;173.1063276218714
case9241pegase;l20;2;9241;-1;;195.604916477612;78.53326538532276;125.16013236393539;297.22802301477844
case9241pegase;l20;4;9241;-1;;195.1685927132493;138.29402732374146;116.71758153934704;452.00160711736936
case9241pegase;l20;8;9241;-1;;185.92435708945766;209.9968152780933;96.57281376344187;606.034852399878
case9241pegase;l20;16;9241;-1;26.38385328802495;187.07448162521192;300.37568534415465;84.84666013812756;42.82344951822984
case9241pegase;l20;32;9241;-1;;190.30845250048563;394.39732035512924;81.92842670998704;83.13617489658495
case9241pegase;l20;64;9241;-1;;190.28990814888886;392.40484499068225;80.5855591675385;150.26111940357623
case9241pegase;l20;128;9241;-1;;;358.2479489876181;;273.9730854648242
case9241pegase;l20;256;9241;-1;135.0792120498894;;;;497.5576526760128
case9241pegase;l20;512;9241;-1;;;;;822.7305439098639
case9241pegase;l20;1024;9241;-1;;;;;1202.9029466953286
case9241pegase;l20;2048;9241;-1;;;;;1252.8715820066245
case9241pegase;l20;4096;9241;-1;;;;;1285.1431283900497
case9241pegase;l20;8192;9241;-1;;;;;
case9241pegase;l20;16384;9241;-1;;;;;
case9241pegase;l20;32768;9241;-1;;;;;
case9241pegase;l20;65536;9241;-1;;;;;
case9241pegase;t4;1;9241;-1;27.36766489627423;32.74637635888844;17.94417740403796;17.94401394103828;83.67497868426517
case9241pegase;t4;2;9241;-1;;32.13619304936358;32.60642222209067;18.776440957067503;120.81356382223218
case9241pegase;t4;4;9241;-1;;33.1906043508171;51.91131351649001;19.177558065956752;148.89564672344528
case9241pegase;t4;8;9241;-1;;32.81968010025046;73.31413507092631;19.32904127038628;168.85311191340455
case9241pegase;t4;16;9241;-1;8.65439886281675;31.52488435948177;88.56841637480086;19.62630029931103;24.42689620814888
case9241pegase;t4;32;9241;-1;;30.63495845305491;90.8783929462799;19.691725256952587;48.17045419813612
case9241pegase;t4;64;9241;-1;;;;;92.63271644776079
case9241pegase;t4;128;9241;-1;;;;;166.0447038978872
case9241pegase;t4;256;9241;-1;;;;;250.7081571701784
case9241pegase;t4;512;9241;-1;;;;;
case9241pegase;t4;1024;9241;-1;;;;;
case9241pegase;t4;2048;9241;-1;;;;;
case9241pegase;t4;4096;9241;-1;;;;;
case9241pegase;t4;8192;9241;-1;;;;;
case9241pegase;t4;16384;9241;-1;;;;;
case9241pegase;t4;32768;9241;-1;;;;;
case9241pegase;t4;65536;9241;-1;;;;;
case9241pegase;rtx6k;1;9241;-1;73.09856697175262;512.9509450587018;39.55236128486855;117.08435157421428;144.1344422968961
case9241pegase;rtx6k;2;9241;-1;;514.9081522622549;77.84155358746798;176.54316047178946;264.68782055510644
case9241pegase;rtx6k;4;9241;-1;;469.9984503174074;141.89454714066616;189.37274513489183;454.7000022907738
case9241pegase;rtx6k;8;9241;-1;;426.186348870651;234.38111189470942;190.72182729211195;700.031538576065
case9241pegase;rtx6k;16;9241;-1;21.385805820723466;391.9541900385315;395.13647983846505;175.71559354416786;31.895047545711982
case9241pegase;rtx6k;32;9241;-1;;401.4401449594671;589.4101017282974;167.03324337018168;62.317125096399586
case9241pegase;rtx6k;64;9241;-1;;405.384708413981;712.5743150326904;167.6986008879602;116.96447742123881
case9241pegase;rtx6k;128;9241;-1;;411.50054002663904;717.6927990693455;167.9097473581552;219.39827936896629
case9241pegase;rtx6k;256;9241;-1;169.30157036343257;413.66061099562836;688.5305005819655;168.1052003796955;419.8632586402479
case9241pegase;rtx6k;512;9241;-1;224.4164149837874;;703.3453485253551;;783.2637756125738
case9241pegase;rtx6k;1024;9241;-1;;;696.1502006921733;;1419.609017508949
case9241pegase;rtx6k;2048;9241;-1;;;690.9473192003787;;2287.558354840345
case9241pegase;rtx6k;4096;9241;-1;;;696.7389270797682;;2381.3433654280516
case9241pegase;rtx6k;8192;9241;-1;;;;;2472.9005868981226
case9241pegase;rtx6k;16384;9241;-1;;;;;
case9241pegase;rtx6k;32768;9241;-1;;;;;
case9241pegase;rtx6k;65536;9241;-1;;;;;
case_ACTIVSg10k;l20;1;10000;-1;158.15217250220184;250.74347310689132;22.1493956180907;35.432233906576826;212.90656186956096
case_ACTIVSg10k;l20;2;10000;-1;;215.7149179317031;46.70998390663874;66.15001847445853;353.9337600631314
case_ACTIVSg10k;l20;4;10000;-1;;248.4497343275452;83.41352002021247;86.88184183913724;493.5835101377007
case_ACTIVSg10k;l20;8;10000;-1;;208.72556686077343;130.66438744793953;88.31554394843648;620.9965457657179
case_ACTIVSg10k;l20;16;10000;-1;35.351703946544376;208.8874202895778;216.92566013758423;79.79900983870093;38.734200313103486
case_ACTIVSg10k;l20;32;10000;-1;;211.94058701029894;354.1298086991494;81.8863959991733;74.31418027258631
case_ACTIVSg10k;l20;64;10000;-1;;209.572739951243;369.9548578378649;81.20627451156561;135.50424427021542
case_ACTIVSg10k;l20;128;10000;-1;;209.79462768711073;377.1724696830963;;249.00047019025862
case_ACTIVSg10k;l20;256;10000;-1;287.0793393873256;;;;451.152790449774
case_ACTIVSg10k;l20;512;10000;-1;;;;;751.9175253857645
case_ACTIVSg10k;l20;1024;10000;-1;;;;;1111.0895893820489
case_ACTIVSg10k;l20;2048;10000;-1;;;;;1195.7473930523222
case_ACTIVSg10k;l20;4096;10000;-1;;;;;1181.744672369219
case_ACTIVSg10k;l20;8192;10000;-1;;;;;
case_ACTIVSg10k;l20;16384;10000;-1;;;;;
case_ACTIVSg10k;l20;32768;10000;-1;;;;;
case_ACTIVSg10k;l20;65536;10000;-1;;;;;
case_ACTIVSg10k;t4;1;10000;-1;60.04233268159938;;;;93.47671647502138
case_ACTIVSg10k;t4;2;10000;-1;;;;;123.62961767269475
case_ACTIVSg10k;t4;4;10000;-1;;;;;145.2843750442442
case_ACTIVSg10k;t4;8;10000;-1;;;;;146.6740146449046
case_ACTIVSg10k;t4;16;10000;-1;14.627200999109663;;;;22.127977472902366
case_ACTIVSg10k;t4;32;10000;-1;;;;;43.56764587973822
case_ACTIVSg10k;t4;64;10000;-1;;;;;83.88198032964839
case_ACTIVSg10k;t4;128;10000;-1;;;;;149.34103511025037
case_ACTIVSg10k;t4;256;10000;-1;;;;;229.3097778034245
case_ACTIVSg10k;t4;512;10000;-1;;;;;239.2244533662208
case_ACTIVSg10k;t4;1024;10000;-1;;;;;273.5299807651011
case_ACTIVSg10k;t4;2048;10000;-1;;;;;
case_ACTIVSg10k;t4;4096;10000;-1;;;;;
case_ACTIVSg10k;t4;8192;10000;-1;;;;;
case_ACTIVSg10k;t4;16384;10000;-1;;;;;
case_ACTIVSg10k;t4;32768;10000;-1;;;;;
case_ACTIVSg10k;t4;65536;10000;-1;;;;;
case_ACTIVSg10k;rtx6k;1;10000;-1;100.15177665304395;592.7667066316382;44.17354309534729;129.58710123849028;194.49620193076035
case_ACTIVSg10k;rtx6k;2;10000;-1;;604.104219959051;87.76303608236104;176.2483960381301;345.21934512827113
case_ACTIVSg10k;rtx6k;4;10000;-1;;561.0941161478275;157.75339211722482;202.6377107694697;558.0956096370937
case_ACTIVSg10k;rtx6k;8;10000;-1;;472.74649667041365;260.62243084419504;199.9187847375454;791.1616888225478
case_ACTIVSg10k;rtx6k;16;10000;-1;27.36783989112181;443.7046746920968;435.7559418935491;179.71211067845118;28.952507251976353
case_ACTIVSg10k;rtx6k;32;10000;-1;;448.0824490461727;674.9770323957772;173.14936035076613;56.51987999623494
case_ACTIVSg10k;rtx6k;64;10000;-1;;449.6421114116866;786.2753382741246;173.537150479596;104.50644678826912
case_ACTIVSg10k;rtx6k;128;10000;-1;;452.32930678587263;780.1039598677875;173.75895530352182;196.86436504307463
case_ACTIVSg10k;rtx6k;256;10000;-1;278.3519103911769;454.30852129780754;756.38507258058;173.9180652433366;380.8797283289361
case_ACTIVSg10k;rtx6k;512;10000;-1;433.11773982375394;455.79943418864514;773.0658416921842;;719.1282004707529
case_ACTIVSg10k;rtx6k;1024;10000;-1;;;768.0023116129179;;1297.080681853803
case_ACTIVSg10k;rtx6k;2048;10000;-1;;;757.7535969615784;;2085.4374914000678
case_ACTIVSg10k;rtx6k;4096;10000;-1;;;765.3450999719244;;2188.7200250443284
case_ACTIVSg10k;rtx6k;8192;10000;-1;;;;;2276.657203954503
case_ACTIVSg10k;rtx6k;16384;10000;-1;;;;;
case_ACTIVSg10k;rtx6k;32768;10000;-1;;;;;
case_ACTIVSg10k;rtx6k;65536;10000;-1;;;;;
case_ACTIVSg25k;l20;1;25000;-1;86.94985639875117;90.9977485767322;;40.14378218866177;111.4890240953388
case_ACTIVSg25k;l20;2;25000;-1;;97.07371723821245;;38.35630126082075;165.90759376821333
case_ACTIVSg25k;l20;4;25000;-1;;84.86594928671352;;33.9802034232622;223.32120387692493
case_ACTIVSg25k;l20;8;25000;-1;;83.79399826795687;;32.908265970827955;260.0912276836738
case_ACTIVSg25k;l20;16;25000;-1;12.625981757841647;84.00492736971115;;32.38201485293065;13.482772650232754
case_ACTIVSg25k;l20;32;25000;-1;;83.29773072555372;;32.48101526624178;25.49426088213104
case_ACTIVSg25k;l20;64;25000;-1;;;;;48.81199175296661
case_ACTIVSg25k;l20;128;25000;-1;;;;;90.31099635707386
case_ACTIVSg25k;l20;256;25000;-1;96.29256469916167;;;;168.15776919984847
case_ACTIVSg25k;l20;512;25000;-1;;;;;278.68513175062736
case_ACTIVSg25k;l20;1024;25000;-1;;;;;423.58225881531433
case_ACTIVSg25k;l20;2048;25000;-1;;;;;
case_ACTIVSg25k;l20;4096;25000;-1;;;;;
case_ACTIVSg25k;l20;8192;25000;-1;;;;;
case_ACTIVSg25k;l20;16384;25000;-1;;;;;
case_ACTIVSg25k;l20;32768;25000;-1;;;;;
case_ACTIVSg25k;l20;65536;25000;-1;;;;;
case_ACTIVSg25k;t4;1;25000;-1;19.160194858626646;14.687335445619375;;7.960437939418297;44.23612929844408
case_ACTIVSg25k;t4;2;25000;-1;;15.479678363900625;;7.943128277294514;53.419819489759476
case_ACTIVSg25k;t4;4;25000;-1;;14.70989117623623;;7.946008827352989;59.21351604624931
case_ACTIVSg25k;t4;8;25000;-1;;15.088161585115946;;8.051089524569123;59.76079627605487
case_ACTIVSg25k;t4;16;25000;-1;5.606815959378688;14.197866059458862;;8.03955796292739;8.449556015919821
case_ACTIVSg25k;t4;32;25000;-1;;;;;16.647488234499534
case_ACTIVSg25k;t4;64;25000;-1;;;;;31.449761429594968
case_ACTIVSg25k;t4;128;25000;-1;;;;;53.90951364825665
case_ACTIVSg25k;t4;256;25000;-1;;;;;81.57429084940574
case_ACTIVSg25k;t4;512;25000;-1;;;;;
case_ACTIVSg25k;t4;1024;25000;-1;;;;;
case_ACTIVSg25k;t4;2048;25000;-1;;;;;
case_ACTIVSg25k;t4;4096;25000;-1;;;;;
case_ACTIVSg25k;t4;8192;25000;-1;;;;;
case_ACTIVSg25k;t4;16384;25000;-1;;;;;
case_ACTIVSg25k;t4;32768;25000;-1;;;;;
case_ACTIVSg25k;t4;65536;25000;-1;;;;;
case_ACTIVSg25k;rtx6k;1;25000;-1;52.54999574880798;233.24739481692993;;95.61562404194976;100.34488249687863
case_ACTIVSg25k;rtx6k;2;25000;-1;;211.46858391607313;;80.6107444729694;172.00770914065785
case_ACTIVSg25k;rtx6k;4;25000;-1;;178.59259971956425;;76.19096654658273;259.89579147467697
case_ACTIVSg25k;rtx6k;8;25000;-1;;175.4280022059118;;69.30984761597091;342.3089018916316
case_ACTIVSg25k;rtx6k;16;25000;-1;9.908763696151357;179.24522301317194;;68.8453677996459;10.223563132261829
case_ACTIVSg25k;rtx6k;32;25000;-1;;179.48173674176223;;69.12319859940095;19.01507863403943
case_ACTIVSg25k;rtx6k;64;25000;-1;;180.3420391468759;;69.25920031564901;36.563416550543636
case_ACTIVSg25k;rtx6k;128;25000;-1;;181.0607910233056;;69.36959571300079;70.87262296715534
case_ACTIVSg25k;rtx6k;256;25000;-1;93.3845097050234;;;;135.58867701036374
case_ACTIVSg25k;rtx6k;512;25000;-1;147.31999658150315;;;;265.318655913944
case_ACTIVSg25k;rtx6k;1024;25000;-1;;;;;473.3660260776461
case_ACTIVSg25k;rtx6k;2048;25000;-1;;;;;775.7536000715177
case_ACTIVSg25k;rtx6k;4096;25000;-1;;;;;
case_ACTIVSg25k;rtx6k;8192;25000;-1;;;;;
case_ACTIVSg25k;rtx6k;16384;25000;-1;;;;;
case_ACTIVSg25k;rtx6k;32768;25000;-1;;;;;
case_ACTIVSg25k;rtx6k;65536;25000;-1;;;;;
case_ACTIVSg70k;l20;1;70000;-1;29.754963719624364;25.971618984440997;19.33109010643088;;46.943869261384435
case_ACTIVSg70k;l20;2;70000;-1;;29.728700021039067;33.193700107212806;;65.62620662368141
case_ACTIVSg70k;l20;4;70000;-1;;29.533721652704937;44.9899941718905;;78.83245077524018
case_ACTIVSg70k;l20;8;70000;-1;;30.043986726068514;54.324521611480876;;89.28701969920444
case_ACTIVSg70k;l20;16;70000;-1;3.2385006463869654;30.023102430580412;51.81147045790439;;4.127382984668033
case_ACTIVSg70k;l20;32;70000;-1;;;49.79812228476246;;8.039219338367593
case_ACTIVSg70k;l20;64;70000;-1;;;49.22997929910828;;15.686335204341693
case_ACTIVSg70k;l20;128;70000;-1;;;;;29.258769657512254
case_ACTIVSg70k;l20;256;70000;-1;;;;;53.71843195800177
case_ACTIVSg70k;l20;512;70000;-1;;;;;89.91782097252533
case_ACTIVSg70k;l20;1024;70000;-1;;;;;
case_ACTIVSg70k;l20;2048;70000;-1;;;;;
case_ACTIVSg70k;l20;4096;70000;-1;;;;;
case_ACTIVSg70k;l20;8192;70000;-1;;;;;
case_ACTIVSg70k;l20;16384;70000;-1;;;;;
case_ACTIVSg70k;l20;32768;70000;-1;;;;;
case_ACTIVSg70k;l20;65536;70000;-1;;;;;
case_ACTIVSg70k;t4;1;70000;-1;2.8073357991086807;5.3306892796674905;10.05150782215273;2.907074210468293;17.516223993182603
case_ACTIVSg70k;t4;2;70000;-1;;5.523043086655442;13.069659217886189;2.8823242236211946;19.907889949905275
case_ACTIVSg70k;t4;4;70000;-1;;5.180875207099977;14.0739586353253;2.8927344182088324;21.190134454673213
case_ACTIVSg70k;t4;8;70000;-1;;;;;19.64172550364809
case_ACTIVSg70k;t4;16;70000;-1;1.662917377103071;;;;2.7867702353310064
case_ACTIVSg70k;t4;32;70000;-1;;;;;5.498902825971977
case_ACTIVSg70k;t4;64;70000;-1;;;;;10.160516042170125
case_ACTIVSg70k;t4;128;70000;-1;;;;;17.1148368188014
case_ACTIVSg70k;t4;256;70000;-1;;;;;
case_ACTIVSg70k;t4;512;70000;-1;;;;;
case_ACTIVSg70k;t4;1024;70000;-1;;;;;
case_ACTIVSg70k;t4;2048;70000;-1;;;;;
case_ACTIVSg70k;t4;4096;70000;-1;;;;;
case_ACTIVSg70k;t4;8192;70000;-1;;;;;
case_ACTIVSg70k;t4;16384;70000;-1;;;;;
case_ACTIVSg70k;t4;32768;70000;-1;;;;;
case_ACTIVSg70k;t4;65536;70000;-1;;;;;
case_ACTIVSg70k;rtx6k;1;70000;-1;20.975625043203436;68.901678482502;37.118686629143134;35.83201716590645;44.53469370511175
case_ACTIVSg70k;rtx6k;2;70000;-1;;63.132496590342235;59.089750297625166;26.031613007550366;71.43656497612673
case_ACTIVSg70k;rtx6k;4;70000;-1;;63.650436168535215;84.17792273724095;24.384958649127693;99.4046251310237
case_ACTIVSg70k;rtx6k;8;70000;-1;;64.14075663519901;97.38360689649441;24.67262926582612;120.10305260417829
case_ACTIVSg70k;rtx6k;16;70000;-1;2.435006002689177;64.58073856296843;98.87701480938767;24.807144524477238;3.01265902772442
case_ACTIVSg70k;rtx6k;32;70000;-1;;64.8663722133864;96.36613013746745;24.85577110565377;5.85371145989852
case_ACTIVSg70k;rtx6k;64;70000;-1;;65.11403799820648;98.7048352798391;;11.440323883483803
case_ACTIVSg70k;rtx6k;128;70000;-1;;;98.37276983545068;;22.532748363261653
case_ACTIVSg70k;rtx6k;256;70000;-1;;;97.38402023542086;;43.11486033709486
case_ACTIVSg70k;rtx6k;512;70000;-1;;;100.11203739905714;;83.67482388950516
case_ACTIVSg70k;rtx6k;1024;70000;-1;;;;;150.73855378956733
case_ACTIVSg70k;rtx6k;2048;70000;-1;;;;;
case_ACTIVSg70k;rtx6k;4096;70000;-1;;;;;
case_ACTIVSg70k;rtx6k;8192;70000;-1;;;;;
case_ACTIVSg70k;rtx6k;16384;70000;-1;;;;;
case_ACTIVSg70k;rtx6k;32768;70000;-1;;;;;
case_ACTIVSg70k;rtx6k;65536;70000;-1;;;;;
