grid_case;machine;size_bus;threads;ls_throughput;ls_percorethroughput;pgm_throughput;pgm_percorethroughput;powermodels_throughput;powermodels_percorethroughput;pp_throughput;pp_percorethroughput;olf_throughput;olf_percorethroughput;exapf_throughput;exapf_percorethroughput;rustpower_throughput;rustpower_percorethroughput
case14;l20;14;1;137978.34040885553;137978.34040885553;52872.47379444436;52872.47379444436;4576.6046911798;4576.6046911798;145.98467108240587;145.98467108240587;;;;;;
case14;l20;14;2;255210.13269014168;127605.06634507084;103836.54725429307;51918.27362714653;7744.799109136824;3872.399554568412;289.3778134037713;144.68890670188566;;;;;;
case14;l20;14;4;491248.74424249877;122812.18606062469;190487.82348216893;47621.95587054223;12274.431164342554;3068.6077910856384;564.4963101900125;141.12407754750313;;;;;;
case14;l20;14;8;858360.7782504179;107295.09728130224;380641.1093634843;47580.13867043554;11163.306319962305;1395.413289995288;1118.172541713178;139.77156771414724;;;;;;
case14;l20;14;16;1321704.8211039477;82606.55131899673;782920.7949595611;48932.54968497257;10549.501906251524;659.3438691407202;2067.036393958417;129.18977462240107;;;;;;
case14;l20;14;32;2120094.284080399;66252.94637751248;1523877.4092896257;47621.1690403008;9972.50760295671;311.6408625923972;4211.920343834446;131.62251074482643;;;;;;
case14;l20;14;64;2491767.8335851347;38933.87239976773;2323952.5705239484;36311.758914436694;9199.171465321238;143.73705414564435;7666.600983811075;119.79064037204805;;;;;;
case14;l20;14;128;2625484.5662863236;20511.598174111903;4442717.748837639;34708.73241279405;6808.88744535972;53.19443316687281;12544.609924540595;98.0047650354734;;;;;;
case14;l20;14;256;3704075.044762666;14469.043143604164;5032558.469237973;19658.431520460832;4157.519081059678;16.240308910389366;16168.291936098118;63.15739037538327;;;;;;
case14;l20;14;512;3861293.408765836;7541.588688995774;5904177.741679103;11531.597151716998;;;15415.610735781815;30.108614718323857;;;;;;
case14;l20;14;1024;3844629.4727344397;3754.520969467226;5622092.594814993;5490.324799624017;;;9253.548698385564;9.036668650767153;;;;;;
case14;t4;14;1;60627.640415245565;60627.640415245565;30956.271630314437;30956.271630314437;1374.511083865769;1374.511083865769;60.90751341421148;60.90751341421148;497.1899633558701;497.1899633558701;7988.023830233323;7988.023830233323;6575.786971691309;6575.786971691309
case14;t4;14;2;112371.26323340244;56185.63161670122;59986.89691408134;29993.44845704067;2596.8993084236754;1298.4496542118377;116.9556509564939;58.47782547824695;986.8168780011206;493.4084390005603;17769.95640047947;8884.978200239735;4028.5048089091238;2014.2524044545619
case14;t4;14;4;196496.6346579916;49124.1586644979;118346.39727729147;29586.599319322868;4800.4144593200135;1200.1036148300034;239.70767893038763;59.92691973259691;1914.4367925432125;478.6091981358031;32949.25199076032;8237.31299769008;7811.453038446678;1952.8632596116695
case14;t4;14;8;314302.86266681686;39287.85783335211;226064.23090572198;28258.028863215248;7741.059969478803;967.6324961848504;448.3208103286857;56.04010129108571;3492.6121867885854;436.5765233485732;42676.80505861334;5334.600632326667;14747.819967911686;1843.4774959889608
case14;t4;14;16;411800.29261152743;25737.518288220464;260217.23355128782;16263.577096955489;6720.250187116625;420.01563669478907;579.4659822771865;36.21662389232416;3817.2462182748927;238.5778886421808;49477.01012228525;3092.3131326428284;21881.324931566647;1367.5828082229154
case14;t4;14;24;216612.73236335866;9025.530515139944;217500.73893438096;9062.53078893254;4216.72577205716;175.69690716904833;511.3128004667991;21.304700019449964;3340.431442263381;139.18464342764088;51569.35956636114;2148.7233152650474;20524.231861978824;855.176327582451
case14;t4;14;32;351305.34244314965;10978.291951348427;225528.35616523103;7047.76113016347;3147.9336079752015;98.37292524922505;468.7232800604376;14.647602501888676;3230.3679551218643;100.94899859755826;49413.35097044965;1544.1672178265515;18790.937472174945;587.216796005467
case14;t4;14;48;288494.9043883539;6010.310508090707;180880.1682743956;3768.3368390499086;2053.6922685074337;42.78525559390487;374.87867175366614;7.809972328201378;2849.4490154669306;59.36352115556105;;;14443.131673728298;300.8985765360062
case14;t4;14;64;300383.96339301555;4693.499428015868;189586.08308718415;2962.2825482372523;1893.4742015440472;29.585534399125738;376.80854251641057;5.887633476818915;2799.9704367596605;43.749538074369696;;;14839.997447277838;231.8749601137162
case14;t4;14;96;284694.03415070684;2965.5628557365294;;;;;;;2780.6130533008695;28.96471930521739;;;14195.69478995882;147.8718207287377
case14;rtx6k;14;1;148901.81941617304;148901.81941617304;55558.70201208351;55558.70201208351;4217.677822262388;4217.677822262388;158.20003560271778;158.20003560271778;1532.1632287705422;1532.1632287705422;40711.77293713229;40711.77293713229;13901.57582147125;13901.57582147125
case14;rtx6k;14;2;277290.0583865381;138645.02919326906;109487.3640014493;54743.68200072465;7542.605039220374;3771.302519610187;312.9440164217325;156.47200821086625;2881.7644945978755;1440.8822472989377;67018.9079407776;33509.4539703888;24434.72625894582;12217.36312947291
case14;rtx6k;14;4;517380.3594160729;129345.08985401822;212347.2437694104;53086.8109423526;10713.509025486503;2678.3772563716257;589.0063259252678;147.25158148131695;5450.604232616578;1362.6510581541445;107843.14014985088;26960.78503746272;47476.628477756625;11869.157119439156
case14;rtx6k;14;8;931667.439827972;116458.4299784965;415384.02734502126;51923.00341812766;9197.590558346827;1149.6988197933533;1172.9436622009785;146.6179577751223;9834.969274079791;1229.3711592599739;172541.57077265045;21567.696346581306;95126.19519511807;11890.774399389758
case14;rtx6k;14;16;1535612.9997594708;95975.81248496693;807508.7868020425;50469.29917512766;8285.49063454996;517.8431646593725;2040.5538535970527;127.5346158498158;15041.392550129474;940.0870343830921;196042.7029684335;12252.668935527094;186961.70822429407;11685.10676401838
case14;rtx6k;14;32;2021510.890592022;63172.21533100069;1182399.0851469156;36949.97141084111;9849.963632895984;307.8113635279995;3380.1840998206153;105.63075311939423;22906.13575881858;715.8167424630806;339582.0394913838;10611.938734105745;343315.0185828024;10728.594330712574
case14;rtx6k;14;64;2475713.7126483275;38683.02676013012;1578531.32206088;24664.55190720125;6181.6801244781755;96.58875194497149;4129.493617273541;64.52333776989907;28925.165686263466;451.95571384786666;;;329429.4118508974;5147.334560170272
case14;rtx6k;14;96;;;1679104.4421113275;17490.671271992996;;;4912.037515602358;51.16705745419123;;;;;321429.0997652212;3348.219789221054
case14;rtx6k;14;128;2520555.9534637565;19691.843386435597;1471104.2849527895;11493.002226193668;;;4888.761160691563;38.19344656790284;28420.007029048564;222.0313049144419;;;321094.48910498346;2508.5506961326832
case_ieee30;l20;30;1;71494.02163919694;71494.02163919694;27785.960557756163;27785.960557756163;2444.5169331467014;2444.5169331467014;149.69279619378705;149.69279619378705;;;;;;
case_ieee30;l20;30;2;133159.07340535623;66579.53670267812;55945.432268181554;27972.716134090777;4069.8404572129907;2034.9202286064954;283.78948546059996;141.89474273029998;;;;;;
case_ieee30;l20;30;4;244946.9655341949;61236.741383548724;108551.30420716955;27137.826051792388;6359.144202655411;1589.7860506638528;568.9836445950078;142.24591114875196;;;;;;
case_ieee30;l20;30;8;442626.3592037425;55328.294900467816;208893.6136470566;26111.701705882075;5104.788872948819;638.0986091186023;1079.0914846586986;134.88643558233733;;;;;;
case_ieee30;l20;30;16;738234.655297543;46139.66595609644;402791.4777210093;25174.46735756308;4300.098555209651;268.7561597006032;2140.7261170079796;133.79538231299873;;;;;;
case_ieee30;l20;30;32;1098178.2866995016;34318.071459359424;773976.9047062569;24186.77827207053;5002.255958984721;156.32049871827252;4162.19589582211;130.06862174444095;;;;;;
case_ieee30;l20;30;64;1454434.7250009438;22725.542578139746;1497659.6873805549;23400.93261532117;3970.577394654886;62.040271791482596;7644.522914523091;119.44567053942329;;;;;;
case_ieee30;l20;30;128;1729024.3193564075;13508.002494971934;1980408.6942045556;15471.94292347309;2793.2955013220812;21.82262110407876;11270.423304448212;88.05018206600165;;;;;;
case_ieee30;l20;30;256;1814710.3830798508;7088.712433905667;2221821.713454315;8678.991068180918;2197.884217023534;8.58548522274818;17239.576686391036;67.34209643121498;;;;;;
case_ieee30;l20;30;512;1865706.0757608588;3643.9571792204274;3259125.3262975025;6365.47915292481;;;17048.666501309417;33.298176760369955;;;;;;
case_ieee30;l20;30;1024;1865759.719566342;1822.0309761390058;3012815.9159485623;2942.203042918518;;;9170.42106834816;8.95548932455875;;;;;;
case_ieee30;t4;30;1;28751.233502005798;28751.233502005798;16391.514782347105;16391.514782347105;678.7493733272808;678.7493733272808;61.45174134716856;61.45174134716856;394.9374335960635;394.9374335960635;4491.980882556909;4491.980882556909;4143.696824893703;4143.696824893703
case_ieee30;t4;30;2;52904.0469337291;26452.02346686455;31676.8970601311;15838.44853006555;1308.172028597741;654.0860142988705;120.69729073817463;60.348645369087315;760.9516779485652;380.4758389742826;7392.376597688308;3696.188298844154;3246.6159887416493;1623.3079943708246
case_ieee30;t4;30;4;94698.98041150301;23674.745102875753;60841.10241149524;15210.27560287381;2377.0444066072478;594.2611016518119;232.2642369347714;58.06605923369285;1460.7008966066421;365.17522415166053;12585.748777703493;3146.4371944258733;6442.051646406206;1610.5129116015514
case_ieee30;t4;30;8;157225.60087923976;19653.20010990497;119198.14387660396;14899.767984575496;3802.0146075609614;475.2518259451202;460.7068146618759;57.58835183273449;2663.4173815295017;332.9271726911877;20946.983333160886;2618.3729166451108;12530.111621102877;1566.2639526378596
case_ieee30;t4;30;16;197123.30208067075;12320.206380041922;117496.38018302583;7343.523761439114;3344.4476807309293;209.02798004568308;559.9983062295405;34.99989413934628;3131.971874553795;195.74824215961218;22014.509514867044;1375.9068446791903;18001.73425471717;1125.108390919823
case_ieee30;t4;30;24;168907.51879901395;7037.813283292248;127017.08907937177;5292.37871164049;2145.3886927945796;89.39119553310748;476.54325352911735;19.855968897046555;2778.390269853473;115.7662612438947;20061.869325542557;835.9112218976065;16208.725385281341;675.3635577200558
case_ieee30;t4;30;32;143339.39676328804;4479.356148852751;115665.48861993162;3614.5465193728633;1604.529338293165;50.141541821661406;464.2848530444548;14.508901657639212;2522.8404736390994;78.83876480122186;18487.391470465383;577.7309834520432;14870.044987822723;464.6889058694601
case_ieee30;t4;30;48;122254.68221059092;2546.9725460539776;93355.52075896628;1944.906682478464;1038.9465037170844;21.64471882743926;370.17853226415536;7.712052755503237;2271.421110933506;47.32127314444804;;;11398.723670706479;237.47340980638498
case_ieee30;t4;30;64;115081.03535704895;1798.14117745389;100317.98616160279;1567.4685337750436;961.378535962786;15.021539624418532;377.0931318802289;5.8920801856285765;2240.2538879278995;35.00396699887343;;;11732.187496209699;183.31542962827655
case_ieee30;t4;30;96;120774.75929681506;1258.0704093418235;;;;;;;2232.908409051185;23.25946259428318;;;11318.56846633378;117.90175485764354
case_ieee30;rtx6k;30;1;76297.0678110511;76297.0678110511;29790.65543512618;29790.65543512618;2237.2370079079546;2237.2370079079546;153.2258699747879;153.2258699747879;1210.582163508509;1210.582163508509;13968.066350687588;13968.066350687588;11819.883872970455;11819.883872970455
case_ieee30;rtx6k;30;2;145736.34091806237;72868.17045903119;58293.436906553485;29146.718453276742;3618.076344780457;1809.0381723902285;286.0802468404568;143.0401234202284;2301.078246751076;1150.539123375538;22752.325325568818;11376.162662784409;20904.44769067677;10452.223845338385
case_ieee30;rtx6k;30;4;265081.85361846036;66270.46340461509;115551.90266569881;28887.975666424703;5367.68510195814;1341.921275489535;562.1313448445962;140.53283621114906;4587.153293851084;1146.788323462771;36396.22125765136;9099.05531441284;40765.90033205889;10191.475083014722
case_ieee30;rtx6k;30;8;476472.69410294923;59559.086762868654;222838.396943286;27854.79961791075;3930.5382324277875;491.31727905347344;1031.385297397006;128.92316217462576;8415.006396704764;1051.8757995880956;59575.252797386034;7446.906599673254;81350.71419129409;10168.83927391176
case_ieee30;rtx6k;30;16;793431.1364143178;49589.44602589486;432555.6410212066;27034.727563825414;3599.276832651105;224.95480204069406;2209.784507009645;138.11153168810281;13860.551427919287;866.2844642449554;68660.26617811933;4291.266636132458;155977.79134979495;9748.611959362184
case_ieee30;rtx6k;30;32;1023219.885334798;31975.621416712438;651318.9163407373;20353.71613564804;3455.3093072193788;107.97841585060559;3104.5292464285167;97.01653895089115;19254.092921656254;601.690403801758;80218.51801044271;2506.8286878263348;229621.95598096334;7175.686124405104
case_ieee30;rtx6k;30;64;1230670.9504401148;19229.233600626794;816710.420062424;12761.100313475376;3126.4881017794523;48.85137659030394;4244.061614845534;66.31346273196147;24180.096019489432;377.8140003045224;;;282289.48629079;4410.773223293594
case_ieee30;rtx6k;30;96;;;913351.0694724469;9514.073640337989;;;4791.986753391181;49.916528681158134;;;;;260075.89238117138;2709.1238789705353
case_ieee30;rtx6k;30;128;1269049.34849633;9914.448035127578;780246.2358084754;6095.673717253714;;;4943.447286077577;38.62068192248107;23001.20471035038;179.69691179961234;;;265984.45641231776;2078.0035657212325
case57;l20;57;1;36286.89568352075;36286.89568352075;13865.902239027811;13865.902239027811;;;141.87292531199378;141.87292531199378;;;;;;
case57;l20;57;2;69761.3326385864;34880.6663192932;27480.848161932034;13740.424080966017;;;279.1534482756352;139.5767241378176;;;;;;
case57;l20;57;4;130711.80253768236;32677.95063442059;53051.698090074875;13262.924522518719;;;547.4464125740808;136.8616031435202;;;;;;
case57;l20;57;8;230149.3857477724;28768.67321847155;109120.56481649572;13640.070602061965;;;1087.4824681380676;135.93530851725845;;;;;;
case57;l20;57;16;389538.7638426993;24346.172740168706;201546.237413131;12596.639838320687;;;2090.894620820348;130.68091380127174;;;;;;
case57;l20;57;32;563120.863421382;17597.52698191819;418285.1733507946;13071.411667212331;;;4079.660133248374;127.4893791640117;;;;;;
case57;l20;57;64;752094.1505592804;11751.471102488757;801335.2874529659;12520.863866452592;;;7129.103150734031;111.39223673021924;;;;;;
case57;l20;57;128;821417.616923271;6417.3251322130545;1368566.219740759;10691.92359172468;;;12908.05896078148;100.84421063110531;;;;;;
case57;l20;57;256;695572.8258595676;2717.081351013936;1583511.1907811554;6185.590588988888;;;15194.067084145481;59.351824547443286;;;;;;
case57;l20;57;512;667351.1942563097;1303.4203012818548;1647876.6133032914;3218.509010357991;;;13714.729479629374;26.78658101490112;;;;;;
case57;l20;57;1024;872599.215044685;852.1476709420753;1643322.8692796207;1604.8074895308796;;;8441.417725777826;8.243571997829909;;;;;;
case57;t4;57;1;10507.76192625102;10507.76192625102;7631.136282001145;7631.136282001145;;;59.95287120621114;59.95287120621114;296.47371944576105;296.47371944576105;;;1923.9683250677056;1923.9683250677056
case57;t4;57;2;19620.94274161421;9810.471370807105;14653.260143477879;7326.6300717389395;;;113.97492543489588;56.98746271744794;540.4006023642685;270.20030118213424;;;2013.9571799939683;1006.9785899969842
case57;t4;57;4;35771.27741944845;8942.819354862113;29435.06378397062;7358.765945992655;;;223.79466478388326;55.948666195970816;1043.1528412746816;260.7882103186704;;;3776.4501905549346;944.1125476387336
case57;t4;57;8;63209.96601144819;7901.245751431024;56840.94775744189;7105.118469680237;;;440.6762697054736;55.0845337131842;1902.8958492631705;237.8619811578963;;;7670.852934764206;958.8566168455258
case57;t4;57;16;79073.26064106172;4942.078790066357;62247.99433829141;3890.4996461432133;;;547.062782853404;34.19142392833775;2306.7200409418297;144.17000255886435;;;11170.411609594514;698.1507255996571
case57;t4;57;24;62462.54020151492;2602.6058417297886;56712.990041359284;2363.0412517233035;;;480.13200367840636;20.005500153266933;2005.206336841275;83.55026403505313;;;10097.604070703137;420.73350294596406
case57;t4;57;32;63971.77044918405;1999.1178265370015;55134.00064433485;1722.937520135464;;;441.22966461656006;13.788427019267502;1910.5719859947922;59.705374562337255;;;9565.46184497862;298.92068265558186
case57;t4;57;48;52090.70703053818;1085.223063136212;47734.536689008746;994.4695143543489;;;364.53493411943094;7.594477794154812;1654.297796135767;34.464537419495144;;;7959.731586367259;165.82774138265123
case57;t4;57;64;55666.47914172403;869.7887365894379;48150.72028194826;752.3550044054416;;;371.6253540360523;5.806646156813317;1629.8784152366572;25.46685023807277;;;8126.559413436999;126.97749083495312
case57;t4;57;96;55078.85072682584;573.7380284044358;;;;;;;1640.834851973283;17.092029708055033;;;7866.192450792005;81.93950469575005
case57;rtx6k;57;1;38719.39883655375;38719.39883655375;14794.7834440497;14794.7834440497;;;147.54760420827458;147.54760420827458;927.5403162884961;927.5403162884961;;;8737.019500645329;8737.019500645329
case57;rtx6k;57;2;75051.54665629775;37525.773328148876;29583.77493419084;14791.88746709542;;;292.32973512991884;146.16486756495942;1714.2582889835912;857.1291444917956;;;15625.95098303276;7812.97549151638
case57;rtx6k;57;4;140221.49949070282;35055.374872675704;58426.10070786643;14606.525176966608;;;553.4493149046024;138.3623287261506;3602.253631019702;900.5634077549255;;;31174.419839897615;7793.604959974404
case57;rtx6k;57;8;247991.3194418928;30998.9149302366;113769.34291498155;14221.167864372694;;;1135.8042459381159;141.97553074226448;6052.895901686356;756.6119877107946;;;60244.23480273587;7530.529350341983
case57;rtx6k;57;16;411969.19190196163;25748.074493872602;223044.064756947;13940.254047309187;;;2036.6239012825083;127.28899383015677;9978.38953573877;623.6493459836731;;;116058.09993508163;7253.631245942602
case57;rtx6k;57;32;522755.7237671578;16336.116367723682;322982.89402907476;10093.215438408586;;;3294.0865356405425;102.94020423876695;13497.355661610434;421.79236442532607;;;147236.5609369028;4601.142529278212
case57;rtx6k;57;64;631933.048264276;9873.953879129313;411581.30346887774;6430.957866701215;;;3956.1580481135693;61.81496950177452;17306.59197680893;270.4154996376395;;;175921.29298726216;2748.7702029259713
case57;rtx6k;57;96;;;427572.4407060324;4453.879590687838;;;4752.370216160624;49.503856418339836;;;;;189146.11451105494;1970.2720261568222
case57;rtx6k;57;128;631143.6438107644;4930.809717271597;391924.5359445282;3061.9104370666264;;;4831.574889588146;37.74667882490739;16242.733294448943;126.89635386288236;;;196540.79156211554;1535.4749340790277
case118;l20;118;1;20996.215317981536;20996.215317981536;4095.2350466308785;4095.2350466308785;403.93476652935425;403.93476652935425;139.09605618539115;139.09605618539115;;;;;;
case118;l20;118;2;39586.9006600283;19793.45033001415;8320.34482574461;4160.172412872305;748.9999332416833;374.49996662084163;262.36234800902974;131.18117400451487;;;;;;
case118;l20;118;4;72946.97940042299;18236.744850105748;16116.249905434137;4029.0624763585342;1262.3970841676971;315.5992710419243;535.6912806272856;133.9228201568214;;;;;;
case118;l20;118;8;122718.97710702843;15339.872138378554;31056.470089461895;3882.058761182737;1044.4287607116164;130.55359508895205;1029.717923404063;128.71474042550787;;;;;;
case118;l20;118;16;190441.21439074219;11902.575899421387;61743.76455473686;3858.9852846710537;802.8889230516929;50.18055769073081;2010.4474394472293;125.65296496545183;;;;;;
case118;l20;118;32;265152.96146535047;8286.030045792202;107253.87073032152;3351.6834603225475;855.1121312781344;26.7222541024417;3899.2426378303885;121.85133243219964;;;;;;
case118;l20;118;64;323021.4225395292;5047.209727180144;212084.97129007024;3313.8276764073476;794.2559090303874;12.410248578599804;7371.355202409006;115.17742503764072;;;;;;
case118;l20;118;128;353696.9136661978;2763.2571380171703;263285.0967560246;2056.914818406442;777.6032099614707;6.07502507782399;11732.988630679407;91.66397367718287;;;;;;
case118;l20;118;256;375057.1639171533;1465.0670465513801;430725.50376023015;1682.521499063399;552.3456331975326;2.1576001296778617;15456.112687350676;60.37544018496358;;;;;;
case118;l20;118;512;385344.2892688546;752.6255649782316;512310.9269823436;1000.6072792623899;;;13413.00771104308;26.197280685631014;;;;;;
case118;l20;118;1024;359047.09636396973;350.6319300429392;536837.7032167241;524.2555695475821;;;7627.759634865807;7.44898401842364;;;;;;
case118;t4;118;1;5624.022183660021;5624.022183660021;1847.3417413093682;1847.3417413093682;166.43992991929534;166.43992991929534;53.34796074284384;53.34796074284384;168.44521617462547;168.44521617462547;1264.43165802035;1264.43165802035;1144.738799207778;1144.738799207778
case118;t4;118;2;10086.742777430563;5043.371388715282;3329.110583706118;1664.555291853059;317.5843118795524;158.7921559397762;105.48888709734301;52.744443548671505;320.33564170543514;160.16782085271757;2068.3451826966357;1034.1725913483178;1415.5886509374902;707.7943254687451
case118;t4;118;4;17719.800603183154;4429.950150795788;6867.845972297388;1716.961493074347;585.009286053216;146.252321513304;206.80968453293391;51.70242113323348;606.8068128515322;151.70170321288305;3573.5695695449817;893.3923923862454;2793.9440560739313;698.4860140184828
case118;t4;118;8;29250.635136130535;3656.329392016317;13561.065360324194;1695.1331700405242;934.644636111305;116.83057951391312;400.61338945954265;50.07667368244283;1059.9323912257298;132.49154890321623;5663.972097634207;707.9965122042759;5469.571715736378;683.6964644670472
case118;t4;118;16;34714.028102409786;2169.6267564006116;17155.98483201142;1072.2490520007138;766.5849602902424;47.91156001814015;521.9259599893263;32.620372499332895;1273.2244750882446;79.57652969301529;6225.6584236091585;389.1036514755724;7916.253369614866;494.7658356009291
case118;t4;118;24;33431.884617338066;1392.995192389086;14517.845778333234;604.9102407638848;511.45007478570056;21.310419782737522;467.8921822775388;19.49550759489745;1097.8411052539032;45.743379385579296;6206.256794490093;258.5940331037539;7905.181203478901;329.3825501449542
case118;t4;118;32;29939.648612397574;935.6140191374242;13694.972276047327;427.96788362647897;374.195568125811;11.693611503931594;423.24444927529197;13.226389039852874;1028.873380351242;32.152293135976315;5421.6023761408;169.4250742544;6752.113443148091;211.00354509837786
case118;t4;118;48;26335.45836384713;548.6553825801485;11457.71690411421;238.70243550237936;250.21512187907214;5.212815039147336;349.55750194278585;7.282447957141372;875.5074591594121;18.23973873248775;;;5445.941043005184;113.457105062608
case118;t4;118;64;26933.890419135714;420.84203779899553;11694.869535848175;182.73233649762773;227.67176123225954;3.5573712692540553;351.5496120998299;5.492962689059842;875.1379540964326;13.67403053275676;;;5601.168395743231;87.51825618348798
case118;t4;118;96;26484.41958283089;275.87937065448847;;;;;;;873.0390608001139;9.09415688333452;;;5347.039245543999;55.698325474416656
case118;rtx6k;118;1;22511.857176442456;22511.857176442456;4405.394686751893;4405.394686751893;410.60665444939906;410.60665444939906;146.42085122976928;146.42085122976928;446.7104009961746;446.7104009961746;3912.139860208872;3912.139860208872;7059.987392007982;7059.987392007982
case118;rtx6k;118;2;41766.600630868445;20883.300315434222;8723.406524167372;4361.703262083686;745.8864874371989;372.94324371859943;276.52987594475866;138.26493797237933;894.635318378665;447.3176591893325;7523.664743171141;3761.8323715855704;12838.17033293526;6419.08516646763
case118;rtx6k;118;4;78266.09788472213;19566.52447118053;17474.719598428237;4368.679899607059;1259.460313518407;314.86507837960175;560.3825602613045;140.09564006532614;1743.7325194340515;435.93312985851287;12405.575002613386;3101.3937506533466;24847.61546486497;6211.903866216243
case118;rtx6k;118;8;133288.01750612378;16661.002188265473;34037.180570595716;4254.6475713244645;1007.0119222255852;125.87649027819815;1090.5633483971399;136.32041854964248;2921.5133415096034;365.1891676887004;18459.302752531945;2307.412844066493;47888.95147659185;5986.118934573981
case118;rtx6k;118;16;202623.0685344216;12663.94178340135;62270.933567290085;3891.9333479556303;862.5646907864319;53.910293174151995;1944.9445357940735;121.5590334871296;5323.939816890772;332.74623855567324;24234.72582137992;1514.670363836245;87786.12251339837;5486.632657087398
case118;rtx6k;118;32;261260.66748490618;8164.395858903318;93050.263816036;2907.820744251125;842.7353773319023;26.335480541621948;3123.3065663495313;97.60333019842285;7345.18877933178;229.53714935411813;29090.392486982426;909.0747652182008;104297.27208038479;3259.2897525120247
case118;rtx6k;118;64;275426.90390746645;4303.545373554163;115634.91941843675;1806.7956159130742;809.648603492454;12.650759429569593;3962.225904047382;61.90977975074034;8657.721884385965;135.2769044435307;;;131037.50256831266;2047.4609776298853
case118;rtx6k;118;96;;;135430.99857037046;1410.7395684413589;;;4644.755549972212;48.38287031221054;;;;;142707.92451096373;1486.540880322539
case118;rtx6k;118;128;291543.49519428174;2277.683556205326;114294.0381273884;892.9221728702219;;;4574.933278853745;35.74166624104488;8487.026798480514;66.30489686312902;;;144729.04055297663;1130.69562932013
case_ACTIVSg500;l20;500;1;4408.48220635377;4408.48220635377;1358.2550808584758;1358.2550808584758;121.0217868788459;121.0217868788459;121.65341180031078;121.65341180031078;;;;;;
case_ACTIVSg500;l20;500;2;8782.326561641687;4391.163280820843;2673.071415358403;1336.5357076792016;222.40342659077476;111.20171329538738;235.08853595594925;117.54426797797463;;;;;;
case_ACTIVSg500;l20;500;4;16404.050227270844;4101.012556817711;5338.676227512625;1334.6690568781562;363.6845824992088;90.9211456248022;474.18390383604265;118.54597595901066;;;;;;
case_ACTIVSg500;l20;500;8;30044.81506006267;3755.6018825078336;10604.197975482737;1325.5247469353421;320.7861597259053;40.09826996573816;914.5201844108188;114.31502305135236;;;;;;
case_ACTIVSg500;l20;500;16;46445.2340776214;2902.8271298513373;19170.974496740295;1198.1859060462684;316.3592454706923;19.77245284191827;1787.6785015230248;111.72990634518905;;;;;;
case_ACTIVSg500;l20;500;32;42916.13595392752;1341.129248560235;40027.110364183456;1250.847198880733;253.1157789273652;7.9098680914801625;3400.4174050829242;106.26304390884138;;;;;;
case_ACTIVSg500;l20;500;64;51527.31183707951;805.1142474543674;52853.58151192932;825.8372111238956;253.61110869648454;3.962673573382571;5773.636257385193;90.21306652164364;;;;;;
case_ACTIVSg500;l20;500;128;53986.322813452294;421.76814698009605;75089.06418434347;586.6333139401834;194.75148292472065;1.52149596034938;9043.878053864742;70.6552972958183;;;;;;
case_ACTIVSg500;l20;500;256;49634.06872852487;193.88308097080028;80102.6068382053;312.9008079617395;181.88090726138174;0.7104722939897724;7846.242619609674;30.64938523285029;;;;;;
case_ACTIVSg500;l20;500;512;61029.5740554467;119.19838682704433;163559.7716045152;319.45267891506876;;;3150.8103155595268;6.153926397577201;;;;;;
case_ACTIVSg500;l20;500;1024;59001.07668728405;57.61823895242583;172063.95498604348;168.03120604105808;;;1842.1978374527987;1.7990213256374987;;;;;;
case_ACTIVSg500;t4;500;1;1061.1581647841178;1061.1581647841178;562.9532923032112;562.9532923032112;53.67853464276174;53.67853464276174;50.73222143561659;50.73222143561659;60.94773752887759;60.94773752887759;149.7470206328532;149.7470206328532;361.12411355744774;361.12411355744774
case_ACTIVSg500;t4;500;2;2020.6728022085333;1010.3364011042667;1143.5958151618295;571.7979075809147;101.27079762636728;50.63539881318364;96.4063680400742;48.2031840200371;113.18315361432181;56.591576807160905;228.5358285348851;114.26791426744255;577.659765847948;288.829882923974
case_ACTIVSg500;t4;500;4;3621.4269806627594;905.3567451656899;2251.639188951284;562.909797237821;173.15535767994743;43.28883941998686;188.26502009444255;47.06625502361064;196.79196256460375;49.19799064115094;424.32229783292047;106.08057445823012;1139.1977028942072;284.7994257235518
case_ACTIVSg500;t4;500;8;6815.813258076563;851.9766572595704;4455.6678323606875;556.9584790450859;254.2785993218926;31.784824915236577;350.06394948411423;43.75799368551428;372.31312811443087;46.53914101430386;674.0971657531358;84.26214571914197;2199.590466261264;274.948808282658
case_ACTIVSg500;t4;500;16;8677.189962507473;542.3243726567171;5425.286041116731;339.0803775697957;215.14489453666556;13.446555908541598;446.63209160611854;27.91450572538241;472.5217395515321;29.532608721970757;879.7576868037056;54.9848554252316;3015.9817536990095;188.4988596061881
case_ACTIVSg500;t4;500;24;7471.7251253152845;311.32188022147017;4988.402739670433;207.8501141529347;144.01877546500933;6.000782311042055;371.38269231024134;15.474278846260056;419.97745297050585;17.499060540437743;833.9391746618868;34.74746561091195;2575.5918312078934;107.3163263003289
case_ACTIVSg500;t4;500;32;7342.317599594589;229.44742498733092;4664.86724319988;145.77710134999626;106.74254617604674;3.3357045680014608;373.2398792170535;11.663746225532922;371.32888850841516;11.604027765887974;709.6094585410488;22.175295579407774;2509.5189446244613;78.42246701951441
case_ACTIVSg500;t4;500;48;5919.586425682966;123.32471720172846;3614.1339422771907;75.2944571307748;74.58223576054469;1.553796578344681;310.31081707119705;6.464808688983272;325.6350764975765;6.78406409369951;;;1972.70216109119;41.09796168939979
case_ACTIVSg500;t4;500;64;6154.3208038498315;96.16126256015362;3694.623113011148;57.728486140799184;69.2237053590845;1.0816203962356954;314.6012818186227;4.915645028415979;321.46850885914597;5.022945450924156;;;2002.8110152259187;31.29392211290498
case_ACTIVSg500;t4;500;96;6035.606429676572;62.87090030913095;;;;;;;318.5566500840515;3.3182984383755367;;;1933.603581856785;20.141703977674844
case_ACTIVSg500;rtx6k;500;1;4863.083703017525;4863.083703017525;1439.731398876024;1439.731398876024;118.53682158250452;118.53682158250452;126.93388570253063;126.93388570253063;158.59623946759936;158.59623946759936;448.42246222162765;448.42246222162765;1893.8602491449944;1893.8602491449944
case_ACTIVSg500;rtx6k;500;2;9469.454566342236;4734.727283171118;2898.9285124387306;1449.4642562193653;206.24102514097171;103.12051257048586;246.67827506442046;123.33913753221023;304.3076797317709;152.15383986588546;825.1754476395904;412.5877238197952;3584.3257962455896;1792.1628981227948
case_ACTIVSg500;rtx6k;500;4;18045.234328140756;4511.308582035189;5773.368675762933;1443.3421689407332;317.91862372687814;79.47965593171953;470.6117109266619;117.65292773166547;572.9924424744938;143.24811061862346;1193.46401163334;298.366002908335;6968.307381426288;1742.076845356572
case_ACTIVSg500;rtx6k;500;8;32810.1352564609;4101.266907057612;11510.258143980212;1438.7822679975266;276.21160492618964;34.526450615773705;899.4203824826352;112.4275478103294;969.6047538850873;121.20059423563592;2328.4795596113345;291.0599449514168;13564.345403198198;1695.5431753997748
case_ACTIVSg500;rtx6k;500;16;46407.2368695571;2900.4523043473187;22210.20752256883;1388.137970160552;270.62411591721315;16.91400724482582;1647.7319516310913;102.9832469769432;1592.228489637316;99.51428060233225;3341.6525288016983;208.85328305010614;25591.516118168434;1599.4697573855271
case_ACTIVSg500;rtx6k;500;32;72780.56319554396;2274.3925998607488;30674.089484705848;958.5652963970578;306.6015124321399;9.581297263504371;2577.3174978901166;80.54117180906614;2360.412933693667;73.7629041779271;4561.539898316426;142.5481218223883;34500.579869919355;1078.1431209349798
case_ACTIVSg500;rtx6k;500;64;84181.33683599529;1315.3333880624264;40561.7658810809;633.7775918918891;218.46689862514887;3.413545291017951;3255.9850072756335;50.87476573868177;3098.653468668331;48.41646044794267;;;47488.393827782056;742.0061535590946
case_ACTIVSg500;rtx6k;500;96;;;35537.78878455842;370.1852998391502;;;3848.0668128744232;40.08402930077524;;;;;46929.27175044318;488.8465807337831
case_ACTIVSg500;rtx6k;500;128;89020.28707393214;695.4709927650948;33537.63605840763;262.0127817063096;;;3687.200362220458;28.806252829847327;3152.720219924197;24.63062671815779;;;48081.62453543304;375.6376916830706
case1354pegase;l20;1354;1;873.41237445014;873.41237445014;;;;;86.51117389459878;86.51117389459878;;;;;;
case1354pegase;l20;1354;2;1673.5842045300733;836.7921022650366;;;;;166.74092086064584;83.37046043032292;;;;;;
case1354pegase;l20;1354;4;3020.8290890275116;755.2072722568779;;;;;334.2704082529455;83.56760206323638;;;;;;
case1354pegase;l20;1354;8;5307.873367131941;663.4841708914927;;;;;655.8828508318519;81.98535635398149;;;;;;
case1354pegase;l20;1354;16;8822.967896014228;551.4354935008893;;;;;1273.8157779773435;79.61348612358397;;;;;;
case1354pegase;l20;1354;32;10996.962242549995;343.65507007968733;;;;;2311.9185998616254;72.24745624567579;;;;;;
case1354pegase;l20;1354;64;12962.610899070112;202.5407952979705;;;;;3817.057330541001;59.641520789703144;;;;;;
case1354pegase;l20;1354;128;16833.664745465856;131.513005823952;;;;;4377.528145987862;34.199438640530175;;;;;;
case1354pegase;l20;1354;256;19243.93872874027;75.17163565914169;;;;;3157.0903524340115;12.332384189195357;;;;;;
case1354pegase;l20;1354;512;36239.84648410407;70.78095016426576;;;;;960.6471836673985;1.8762640306003877;;;;;;
case1354pegase;l20;1354;1024;34944.12648470208;34.125123520216874;;;;;508.22037173468465;0.496308956772153;;;;;;
case1354pegase;t4;1354;1;298.1630698391217;298.1630698391217;;;;;36.37927663462485;36.37927663462485;14.426749747076048;14.426749747076048;;;105.33152223710596;105.33152223710596
case1354pegase;t4;1354;2;569.7562168165209;284.87810840826046;;;;;68.59413246754164;34.29706623377082;25.722621520705058;12.861310760352529;;;187.77581071049028;93.88790535524514
case1354pegase;t4;1354;4;1073.0190115252988;268.2547528813247;;;;;129.18785794419415;32.29696448604854;51.05454027666104;12.76363506916526;;;360.0401680085619;90.01004200214048
case1354pegase;t4;1354;8;1996.5034576365624;249.5629322045703;;;;;251.69913623034873;31.46239202879359;91.18920088340433;11.39865011042554;;;710.8690032589371;88.85862540736714
case1354pegase;t4;1354;16;2577.0705859154464;161.0669116197154;;;;;319.3222528145233;19.957640800907708;118.57113360799666;7.410695850499791;;;984.6100625090937;61.53812890681836
case1354pegase;t4;1354;24;2249.503026827778;93.72929278449074;;;;;281.2549850055313;11.718957708563805;107.44801674234282;4.477000697597617;;;812.5192652403465;33.854969385014435
case1354pegase;t4;1354;32;2157.1003881170495;67.4093871286578;;;;;269.7592768549156;8.429977401716112;87.71133087630932;2.740979089884666;;;841.2974552126253;26.29054547539454
case1354pegase;t4;1354;48;1773.4776196982843;36.947450410380924;;;;;214.17604314182861;4.462000898788096;81.07631899416124;1.6890899790450258;;;644.005451405255;13.41678023760948
case1354pegase;t4;1354;64;1807.2479082382854;28.23824856622321;;;;;215.83800074715364;3.3724687616742757;80.8729456366751;1.2636397755730484;;;658.1787525070044;10.284043007921944
case1354pegase;t4;1354;96;1808.1280362733942;18.83466704451452;;;;;;;78.58147682184733;0.8185570502275764;;;632.3480786591388;6.586959152699362
case1354pegase;rtx6k;1354;1;996.3397264959643;996.3397264959643;;;;;87.93987740687318;87.93987740687318;30.98543105829099;30.98543105829099;;;421.84166481292374;421.84166481292374
case1354pegase;rtx6k;1354;2;1961.6204086833284;980.8102043416642;;;;;173.21598188204763;86.60799094102381;60.357624805394224;30.178812402697112;;;819.2925786951831;409.64628934759156
case1354pegase;rtx6k;1354;4;3790.8133425356596;947.7033356339149;;;;;332.0238453835063;83.00596134587657;112.26673148335973;28.066682870839934;;;1603.3283426245887;400.83208565614717
case1354pegase;rtx6k;1354;8;7187.064575954193;898.3830719942741;;;;;649.162245629329;81.14528070366613;194.0983361269249;24.26229201586561;;;3179.3471505921034;397.4183938240129
case1354pegase;rtx6k;1354;16;12812.610587727038;800.7881617329399;;;;;1129.6389298119948;70.60243311324967;348.35206381454645;21.772003988409153;;;5999.994647624533;374.9996654765333
case1354pegase;rtx6k;1354;32;17400.54857625475;543.767143007961;;;;;1702.3616403578753;53.198801261183604;563.414274985168;17.6066960932865;;;8712.971052703786;272.2803453969933
case1354pegase;rtx6k;1354;64;21923.817063236216;342.5596416130659;;;;;2027.3451081803587;31.677267315318105;745.8540793015054;11.653969989086022;;;11717.772764632853;183.09019944738833
case1354pegase;rtx6k;1354;96;;;;;;;2371.583213407803;24.703991806331285;;;;;12038.900256606436;125.40521100631703
case1354pegase;rtx6k;1354;128;22004.778386525348;171.91233114472928;;;;;2218.303333559532;17.330494793433843;744.6459578792239;5.817546545931437;;;12719.734180160782;99.37292328250611
case_ACTIVSg2000;l20;2000;1;306.08935330506796;306.08935330506796;;;21.352605576775453;21.352605576775453;67.01831033895503;67.01831033895503;;;;;;
case_ACTIVSg2000;l20;2000;2;584.942909395885;292.4714546979425;;;40.398384979912784;20.199192489956392;132.58285407924654;66.29142703962327;;;;;;
case_ACTIVSg2000;l20;2000;4;1151.6075500415648;287.9018875103912;;;58.98045905057428;14.74511476264357;257.56883463767986;64.39220865941996;;;;;;
case_ACTIVSg2000;l20;2000;8;2068.833824931198;258.6042281163997;;;55.34247716173449;6.917809645216812;513.2027666840081;64.15034583550101;;;;;;
case_ACTIVSg2000;l20;2000;16;3547.804453402929;221.73777833768307;;;67.83783220598336;4.23986451287396;971.9749627681945;60.748435173012155;;;;;;
case_ACTIVSg2000;l20;2000;32;4946.767630841187;154.5864884637871;;;57.616221354323564;1.8005069173226114;1782.0463933502892;55.68894979219654;;;;;;
case_ACTIVSg2000;l20;2000;64;6074.173784503513;94.9089653828674;;;46.78499377204868;0.7310155276882606;2615.5321143531696;40.867689286768275;;;;;;
case_ACTIVSg2000;l20;2000;128;7578.700205450749;59.20859535508398;;;41.943209473329695;0.32768132401038824;3032.264310396804;23.68956492497503;;;;;;
case_ACTIVSg2000;l20;2000;256;9524.127532435888;37.20362317357769;;;41.625728408309556;0.1626005015949592;1967.0972448688733;7.683973612769036;;;;;;
case_ACTIVSg2000;l20;2000;512;12718.515115479504;24.840849834920906;;;;;1075.1558735870192;2.099913815599647;;;;;;
case_ACTIVSg2000;l20;2000;1024;14916.831782646148;14.567218537740379;;;;;423.4507996024427;0.41352617148676046;;;;;;
case_ACTIVSg2000;t4;2000;1;123.76067351596961;123.76067351596961;;;9.449618222241604;9.449618222241604;29.22250536153879;29.22250536153879;9.698079188011919;9.698079188011919;26.042742602683532;26.042742602683532;45.90362278594499;45.90362278594499
case_ACTIVSg2000;t4;2000;2;241.5408322394927;120.77041611974634;;;17.478601454581973;8.739300727290987;54.233343007752055;27.116671503876027;18.248632399437962;9.124316199718981;49.3357031039706;24.6678515519853;85.3671764992841;42.68358824964205
case_ACTIVSg2000;t4;2000;4;462.572184284577;115.64304607114425;;;29.811999429081265;7.452999857270316;105.25504131064885;26.313760327662212;36.61342279343937;9.153355698359842;88.80324792347561;22.200811980868902;163.470791802581;40.86769795064525
case_ACTIVSg2000;t4;2000;8;865.7155631796867;108.21444539746084;;;41.31088954888442;5.163861193610552;201.0447236895667;25.130590461195837;67.54421248409051;8.443026560511314;177.0227550922612;22.12784438653265;319.5346991171053;39.94183738963816
case_ACTIVSg2000;t4;2000;16;1095.405008397908;68.46281302486925;;;36.719836021151814;2.2949897513219883;252.9671302405391;15.810445640033693;86.81492698499912;5.425932936562445;219.34186922041636;13.708866826276022;457.0202252972299;28.56376408107687
case_ACTIVSg2000;t4;2000;24;947.9545939861804;39.49810808275752;;;26.334852884900194;1.0972855368708414;224.95547099560196;9.373144624816748;77.47229634460314;3.2280123476917972;183.692127592719;7.653838649696625;375.6307903965902;15.65128293319126
case_ACTIVSg2000;t4;2000;32;877.4916468554724;27.42161396423351;;;20.78999553728681;0.6496873605402128;206.72002029317034;6.460000634161573;67.57177909884825;2.111618096839008;154.47432160944157;4.827322550295049;361.0086973443333;11.281521792010416
case_ACTIVSg2000;t4;2000;48;694.3844966569098;14.466343680352288;;;15.013687840833708;0.3127851633507022;170.283830685113;3.5475798059398542;58.9661962297579;1.2284624214532895;;;269.9553834739571;5.624070489040773
case_ACTIVSg2000;t4;2000;64;697.9534864360254;10.905523225562897;;;15.048859419914026;0.23513842843615665;171.65618782290886;2.682127934732951;58.778157398221886;0.918408709347217;;;275.800277550963;4.309379336733797
case_ACTIVSg2000;t4;2000;96;691.1865131454354;7.199859511931618;;;;;;;57.51802099585456;0.5991460520401517;;;267.48607532215976;2.7863132846058307
case_ACTIVSg2000;rtx6k;2000;1;356.1982779112196;356.1982779112196;;;18.900547574130268;18.900547574130268;68.3478037656668;68.3478037656668;21.568050173430937;21.568050173430937;74.89443474706268;74.89443474706268;179.03980750100513;179.03980750100513
case_ACTIVSg2000;rtx6k;2000;2;713.6531173907491;356.82655869537456;;;32.48238897106948;16.24119448553474;132.88390485812687;66.44195242906343;43.065745008233385;21.532872504116693;135.8287988165435;67.91439940827175;353.7555728685912;176.8777864342956
case_ACTIVSg2000;rtx6k;2000;4;1378.6590906978186;344.66477267445464;;;48.64520104275886;12.161300260689716;248.66407469517824;62.16601867379456;84.78938960434088;21.19734740108522;235.84163956925406;58.960409892313514;697.6421220539639;174.41053051349098
case_ACTIVSg2000;rtx6k;2000;8;2639.209825264119;329.9012281580149;;;48.5125302421759;6.064066280271987;489.52771138834584;61.19096392354323;134.6102995665215;16.826287445815186;450.37924274845005;56.29740534355626;1375.7033555979183;171.9629194497398
case_ACTIVSg2000;rtx6k;2000;16;4876.832999438283;304.8020624648927;;;43.520163328719946;2.7200102080449966;878.8818021198416;54.9301126324901;248.99286747564992;15.56205421722812;620.3515270196305;38.7719704387269;2662.6209410646725;166.41380881654203
case_ACTIVSg2000;rtx6k;2000;32;6797.769401570914;212.43029379909106;;;44.688996881452226;1.396531152545382;1312.1998336020506;41.00624480006408;416.65262113564376;13.020394410488867;889.7032964099689;27.803228012811527;3935.4467413823595;122.98271066819873
case_ACTIVSg2000;rtx6k;2000;64;8740.64601097116;136.57259392142439;;;50.473901820296724;0.7886547159421363;1583.5599670877223;24.74312448574566;550.4777246687095;8.601214447948585;;;5394.886181858303;84.29509659153598
case_ACTIVSg2000;rtx6k;2000;96;;;;;;;1723.6880780520974;17.955084146376013;;;;;4896.67591750773;51.00704080737219
case_ACTIVSg2000;rtx6k;2000;128;8661.145030947406;67.66519555427661;;;;;1642.7200678860024;12.833750530359394;544.6006538982044;4.254692608579722;;;5457.477162848982;42.63654033475767
case2869pegase;l20;2869;1;226.86326492709443;226.86326492709443;;;;;59.473284003034045;59.473284003034045;;;;;;
case2869pegase;l20;2869;2;451.06538439140866;225.53269219570433;;;;;113.59410516746631;56.797052583733155;;;;;;
case2869pegase;l20;2869;4;872.5069155927382;218.12672889818455;;;;;223.1954500059067;55.79886250147668;;;;;;
case2869pegase;l20;2869;8;1601.3917728422032;200.1739716052754;;;;;448.47777199342204;56.059721499177755;;;;;;
case2869pegase;l20;2869;16;2817.0372699609266;176.0648293725579;;;;;840.6633065883253;52.54145666177033;;;;;;
case2869pegase;l20;2869;32;4180.599350213518;130.64372969417244;;;;;1541.1618217346636;48.16130692920824;;;;;;
case2869pegase;l20;2869;64;5411.384107845694;84.55287668508898;;;;;1879.4361832673476;29.366190363552306;;;;;;
case2869pegase;l20;2869;128;6537.265449224169;51.07238632206382;;;;;2097.7970663573633;16.3890395809169;;;;;;
case2869pegase;l20;2869;256;9566.405053502865;37.36876974024557;;;;;1178.9529801354643;4.605285078654157;;;;;;
case2869pegase;l20;2869;512;11655.832189505645;22.765297245128213;;;;;854.7762218166384;1.669484808235622;;;;;;
case2869pegase;l20;2869;1024;7307.803463429192;7.13652681975507;;;;;302.0624461123182;0.2949828575315607;;;;;;
case2869pegase;t4;2869;1;119.15565484174827;119.15565484174827;;;;;25.5763595358589;25.5763595358589;5.563304517253458;5.563304517253458;;;48.462222564013366;48.462222564013366
case2869pegase;t4;2869;2;226.95174672639672;113.47587336319836;;;;;48.451460335341054;24.225730167670527;10.445639342284677;5.2228196711423385;;;87.35630615084543;43.67815307542271
case2869pegase;t4;2869;4;434.12421947373383;108.53105486843346;;;;;92.2032914871313;23.050822871782824;19.962241395409823;4.990560348852456;;;165.66678208625603;41.41669552156401
case2869pegase;t4;2869;8;813.7661025003224;101.7207628125403;;;;;169.7520435187409;21.21900543984261;41.37995476314691;5.172494345393364;;;324.434959061151;40.554369882643876
case2869pegase;t4;2869;16;1054.319714187726;65.89498213673288;;;;;222.71815974765386;13.919884984228366;50.92389057997246;3.1827431612482786;;;460.60081999607587;28.787551249754742
case2869pegase;t4;2869;24;857.3911517369635;35.724631322373476;;;;;194.23817162078979;8.093257150866242;44.254844762703335;1.843951865112639;;;413.4940328971425;17.22891803738094
case2869pegase;t4;2869;32;821.3407753167066;25.666899228647083;;;;;180.30276219098684;5.634461318468339;39.85210160157311;1.2453781750491597;;;360.36113027983697;11.261285321244905
case2869pegase;t4;2869;48;619.9551017174607;12.915731285780431;;;;;145.45296955735034;3.0302701991114653;33.790978659043546;0.7039787220634072;;;259.75444975387484;5.411551036539059
case2869pegase;t4;2869;64;630.2005879315481;9.846884186430438;;;;;144.3550702520873;2.255547972688864;33.09574840837772;0.5171210688809019;;;273.94381738184495;4.280372146591327
case2869pegase;t4;2869;96;616.8860362521478;6.425896210959873;;;;;;;1.2097163274620102;0.01260121174439594;;;256.6850128700419;2.6738022173962697
case2869pegase;rtx6k;2869;1;268.5679240208699;268.5679240208699;;;;;57.56467550737606;57.56467550737606;12.340436152362814;12.340436152362814;;;173.61970193185832;173.61970193185832
case2869pegase;rtx6k;2869;2;528.9829967713823;264.49149838569116;;;;;116.8667666625205;58.43338333126025;21.925181403711203;10.962590701855602;;;336.43566705904914;168.21783352952457
case2869pegase;rtx6k;2869;4;1037.9973267804758;259.49933169511894;;;;;225.65491400841807;56.41372850210452;42.32429638327464;10.58107409581866;;;668.7134499927608;167.1783624981902
case2869pegase;rtx6k;2869;8;1884.064037390134;235.50800467376675;;;;;416.54352239742246;52.06794029967781;84.73694536288546;10.592118170360683;;;1305.2118605929759;163.15148257412199
case2869pegase;rtx6k;2869;16;3776.4662300221626;236.02913937638516;;;;;784.8372389141146;49.05232743213216;147.71427992659156;9.232142495411972;;;2459.4411246413138;153.7150702900821
case2869pegase;rtx6k;2869;32;5352.832097234246;167.2760030385702;;;;;1043.7273234734887;32.61647885854652;246.0621776038843;7.689443050121384;;;3575.2854929942564;111.72767165607051
case2869pegase;rtx6k;2869;64;6805.014428564213;106.32835044631582;;;;;1285.964408122163;20.093193876908796;327.841503564867;5.122523493201047;;;5223.160346957001;81.61188042120314
case2869pegase;rtx6k;2869;96;;;;;;;1433.5043289318526;14.932336759706798;;;;;5019.975046510496;52.29140673448433
case2869pegase;rtx6k;2869;128;6445.84254600116;50.358144890634065;;;;;1306.5796338752825;10.207653389650645;310.9970003799846;2.42966406546863;;;5330.47260766166;41.64431724735672
case3120sp;l20;3120;1;405.4292889158683;405.4292889158683;;;14.606921257742673;14.606921257742673;62.33578312452119;62.33578312452119;;;;;;
case3120sp;l20;3120;2;749.6261376127412;374.8130688063706;;;30.41640325615288;15.20820162807644;123.31976746442498;61.65988373221249;;;;;;
case3120sp;l20;3120;4;1403.0441511201689;350.7610377800422;;;48.25212852758948;12.06303213189737;245.9831573568472;61.4957893392118;;;;;;
case3120sp;l20;3120;8;2415.459024574059;301.9323780717574;;;50.299631538668216;6.287453942333527;473.0530885086276;59.13163606357845;;;;;;
case3120sp;l20;3120;16;3317.3366832485717;207.33354270303573;;;34.388501937114185;2.1492813710696366;859.9147834116964;53.74467396323102;;;;;;
case3120sp;l20;3120;32;4302.328154625451;134.44775483204535;;;32.31742912084164;1.0099196600263012;1600.4514886280208;50.01410901962565;;;;;;
case3120sp;l20;3120;64;5778.205461438174;90.28446033497147;;;34.99780685301337;0.546840732078334;2085.2869014711005;32.582607835485945;;;;;;
case3120sp;l20;3120;128;5947.536926152548;46.465132235566784;;;30.717244874354225;0.2399784755808924;2040.416278091404;15.940752172589093;;;;;;
case3120sp;l20;3120;256;6343.4504388385385;24.77910327671304;;;27.878488036538954;0.10890034389273029;1127.2975411727193;4.403506020205935;;;;;;
case3120sp;l20;3120;512;5733.9974338872335;11.199213738061003;;;;;957.8763738568966;1.8708522926892512;;;;;;
case3120sp;l20;3120;1024;5771.727095497847;5.636452241697116;;;;;373.27758463773165;0.3645288912477848;;;;;;
case3120sp;t4;3120;1;187.7642654076298;187.7642654076298;;;6.693952583601272;6.693952583601272;26.226339349229644;26.226339349229644;7.724302462554281;7.724302462554281;20.328725453596192;20.328725453596192;42.92582996475666;42.92582996475666
case3120sp;t4;3120;2;355.3951791448726;177.6975895724363;;;12.485521049524854;6.242760524762427;49.5544871246064;24.7772435623032;15.725078789140046;7.862539394570023;39.74889528268106;19.87444764134053;74.43826436949118;37.21913218474559
case3120sp;t4;3120;4;665.8905446811809;166.47263617029523;;;20.107662506712643;5.026915626678161;96.64377907340997;24.160944768352493;27.683877992785547;6.920969498196387;61.44631980522162;15.361579951305405;143.46390723695527;35.865976809238816
case3120sp;t4;3120;8;1165.9361714477136;145.7420214309642;;;28.738861353729437;3.5923576692161796;183.51649287999618;22.939561609999522;52.633871825871736;6.579233978233967;100.8673325731949;12.608416571649363;283.47406892208494;35.43425861526062
case3120sp;t4;3120;16;1445.1169089474267;90.31980680921417;;;26.35091685316602;1.6469323033228762;230.27829657662582;14.392393536039114;70.54271167151266;4.408919479469541;155.48668706009403;9.717917941255877;392.3052769915089;24.519079811969306
case3120sp;t4;3120;24;1237.2018174243578;51.55007572601491;;;19.966078792010766;0.8319199496671152;207.77058465618165;8.65710769400757;63.92170269133665;2.6634042788056935;121.00589819924049;5.041912424968354;318.56126273458426;13.273385947274344
case3120sp;t4;3120;32;1184.5918780117743;37.018496187867946;;;15.56184185681729;0.4863075580255403;201.235804227715;6.2886188821160935;55.12212283994039;1.7225663387481371;110.03134562363192;3.4384795507384975;294.3947132124585;9.199834787889328
case3120sp;t4;3120;48;917.0288838095009;19.104768412697936;;;12.38344857651299;0.2579885120106873;158.59219363800804;3.3040040341251675;47.73383745785387;0.9944549470386224;;;227.94467463359234;4.748847388199841
case3120sp;t4;3120;64;938.8327656754425;14.669261963678789;;;12.329779643335952;0.19265280692712425;158.2752523171603;2.4730508174556296;47.636008627530096;0.7443126348051577;;;233.8981176139248;3.654658087717575
case3120sp;t4;3120;96;902.6639844322098;9.402749837835518;;;;;;;;;;;223.7195316749209;2.330411788280426
case3120sp;rtx6k;3120;1;463.32800393251904;463.32800393251904;;;13.253707230534248;13.253707230534248;59.7042993017094;59.7042993017094;16.327676789979392;16.327676789979392;61.225615294087795;61.225615294087795;158.03748939537817;158.03748939537817
case3120sp;rtx6k;3120;2;909.9778814668231;454.98894073341154;;;22.128546515053788;11.064273257526894;123.89670918016188;61.94835459008094;32.44822026304682;16.22411013152341;119.61132081606557;59.805660408032786;309.60036527190385;154.80018263595193
case3120sp;rtx6k;3120;4;1752.005380457211;438.00134511430275;;;36.77667064649452;9.19416766162363;244.78458533446644;61.19614633361661;61.85093218929411;15.462733047323528;225.82948893819952;56.45737223454988;611.8630663059944;152.9657665764986
case3120sp;rtx6k;3120;8;3310.3630282918234;413.7953785364779;;;35.34437009920916;4.418046262401145;449.69957454369376;56.21244681796172;105.40347860571742;13.175434825714678;301.40571149851877;37.675713937314846;1193.0680693692293;149.13350867115366
case3120sp;rtx6k;3120;16;5741.360221427514;358.83501383921964;;;31.83741244196999;1.9898382776231245;784.4790433818937;49.029940211368356;195.14942722544822;12.196839201590514;446.28119975565284;27.892574984728302;2245.06204276224;140.31637767264
case3120sp;rtx6k;3120;32;7725.328134773172;241.41650421166162;;;31.02223417469117;0.9694448179590991;1233.8082959491937;38.556509248412304;303.9761503294646;9.499254697795768;581.0675252785986;18.158360164956207;3263.0922327378844;101.97163227305889
case3120sp;rtx6k;3120;64;8783.337969987528;137.23965578105512;;;34.750289774556826;0.5429732777274504;1232.606036646441;19.25946932260064;421.7184547823839;6.5893508559747485;;;4115.619806334567;64.30655947397761
case3120sp;rtx6k;3120;96;;;;;;;1500.7568771146525;15.632884136610963;;;;;4485.224347079677;46.72108694874663
case3120sp;rtx6k;3120;128;9192.160094850648;71.81375074102068;;;;;1315.1389928437654;10.274523381591917;433.8848218325309;3.389725170566648;;;4589.45407029758;35.855109924199844
case3375wp;l20;3374;1;343.5189828484929;343.5189828484929;;;;;57.76886258497469;57.76886258497469;;;;;;
case3375wp;l20;3374;2;683.3491031857699;341.67455159288494;;;;;111.04832871852766;55.52416435926383;;;;;;
case3375wp;l20;3374;4;1247.2040334642572;311.8010083660643;;;;;218.30744073851187;54.57686018462797;;;;;;
case3375wp;l20;3374;8;2095.5893894516084;261.94867368145106;;;;;434.6581421266282;54.332267765828526;;;;;;
case3375wp;l20;3374;16;3305.523904541524;206.59524403384526;;;;;838.7329362946712;52.42080851841695;;;;;;
case3375wp;l20;3374;32;6188.223629021911;193.3819884069347;;;;;1412.0652364124237;44.12703863788824;;;;;;
case3375wp;l20;3374;64;5228.776045482344;81.69962571066162;;;;;1803.3559203962682;28.17743625619169;;;;;;
case3375wp;l20;3374;128;5349.543259590558;41.79330671555123;;;;;1809.582997607313;14.137367168807133;;;;;;
case3375wp;l20;3374;256;6045.305890989726;23.61447613667862;;;;;1056.7345854398825;4.127869474374541;;;;;;
case3375wp;l20;3374;512;6203.932863886056;12.117056374777453;;;;;927.4615118482138;1.8114482653285426;;;;;;
case3375wp;l20;3374;1024;5553.661873461911;5.423497923302647;;;;;267.3795729322814;0.26111286419168106;;;;;;
case3375wp;t4;3374;1;167.5088028268062;167.5088028268062;;;;;25.677528670733818;25.677528670733818;;;;;57.880632352920074;57.880632352920074
case3375wp;t4;3374;2;315.17934901100426;157.58967450550213;;;;;41.997962319783966;20.998981159891983;;;;;103.62263351617756;51.81131675808878
case3375wp;t4;3374;4;582.041116038788;145.510279009697;;;;;88.9638317394021;22.240957934850524;;;;;196.8524950043638;49.21312375109095
case3375wp;t4;3374;8;1053.507931674748;131.6884914593435;;;;;163.24379113059211;20.405473891324014;;;;;375.2858463615523;46.910730795194034
case3375wp;t4;3374;16;1310.2542617744311;81.89089136090195;;;;;211.92215150497321;13.245134469060826;;;;;522.5324259987885;32.658276624924284
case3375wp;t4;3374;24;1157.427456132664;48.226144005527665;;;;;191.97878067310788;7.999115861379495;;;;;442.8356411937546;18.451485049739777
case3375wp;t4;3374;32;1070.0901890280018;33.440318407125055;;;;;171.81723578785014;5.369288618370317;;;;;427.9402075487493;13.373131485898416
case3375wp;t4;3374;48;821.6151149724386;17.116981561925805;;;;;145.24772568346435;3.025994285072174;;;;;326.6460495932302;6.805126033192296
case3375wp;t4;3374;64;836.3973060693546;13.068707907333666;;;;;145.41224285909414;2.272066294673346;;;;;331.99436838020614;5.187412005940721
case3375wp;t4;3374;96;806.11342225118;8.397014815116458;;;;;;;;;;;318.981928656452;3.3227284235047083
case3375wp;rtx6k;3374;1;407.0701243004166;407.0701243004166;;;;;52.44004066822705;52.44004066822705;14.223024609633047;14.223024609633047;;;204.00972694704757;204.00972694704757
case3375wp;rtx6k;3374;2;796.6405577516572;398.3202788758286;;;;;105.33367858628755;52.666839293143774;26.960791925074894;13.480395962537447;;;395.51257506370143;197.75628753185072
case3375wp;rtx6k;3374;4;1473.4951217393261;368.37378043483153;;;;;204.06147918080273;51.015369795200684;51.31350661484828;12.82837665371207;;;771.0078031224634;192.75195078061586
case3375wp;rtx6k;3374;8;2854.333402102728;356.791675262841;;;;;382.93295250527376;47.86661906315922;91.88020114184104;11.48502514273013;;;1513.8922345613348;189.23652932016685
case3375wp;rtx6k;3374;16;5036.038997536991;314.7524373460619;;;;;633.9870805233537;39.62419253270961;164.13263120561038;10.258289450350649;;;2750.681332761243;171.9175832975777
case3375wp;rtx6k;3374;32;6729.75013342456;210.3046916695175;;;;;982.2291838845551;30.694661996392348;253.44737678526008;7.920230524539377;;;4120.068308121557;128.75213462879864
case3375wp;rtx6k;3374;64;7991.423955169003;124.86599929951568;;;;;1223.6977200825297;19.120276876289527;367.85471568559706;5.747729932587454;;;5123.384618941573;80.05288467096207
case3375wp;rtx6k;3374;96;;;;;;;1314.030838619699;13.687821235621863;;;;;5261.547407045518;54.80778549005748
case3375wp;rtx6k;3374;128;7480.20500133858;58.439101572957654;;;;;1188.0745197972612;9.281832185916103;372.72952263147187;2.911949395558374;;;5696.543505493671;44.5042461366693
case6515rte;l20;6515;1;150.6818756389149;150.6818756389149;;;;;36.70710486396785;36.70710486396785;;;;;;
case6515rte;l20;6515;2;291.8045204957053;145.90226024785264;;;;;69.1409198659451;34.57045993297255;;;;;;
case6515rte;l20;6515;4;567.4733066494327;141.86832666235819;;;;;131.3083901618189;32.82709754045472;;;;;;
case6515rte;l20;6515;8;953.2292823498007;119.15366029372508;;;;;261.3409308828744;32.6676163603593;;;;;;
case6515rte;l20;6515;16;1444.1611269717687;90.26007043573554;;;;;376.7391177662849;23.546194860392806;;;;;;
case6515rte;l20;6515;32;2221.6929843467656;69.42790576083642;;;;;544.3170504633753;17.009907826980477;;;;;;
case6515rte;l20;6515;64;2485.9708671488943;38.84329479920147;;;;;625.3055362635946;9.770399004118666;;;;;;
case6515rte;l20;6515;128;2844.045513982134;22.21910557798542;;;;;526.8606548156424;4.116098865747206;;;;;;
case6515rte;l20;6515;256;3574.5734920207815;13.963177703206178;;;;;362.3686118984741;1.4155023902284145;;;;;;
case6515rte;l20;6515;512;2757.5264678943336;5.38579388260612;;;;;566.1186693657269;1.1057005261049353;;;;;;
case6515rte;l20;6515;1024;2798.9443788279445;2.7333441199491646;;;;;203.70571432105683;0.19893136164165706;;;;;;
case6515rte;t4;6515;1;85.25660241011015;85.25660241011015;;;;;15.810512366168865;15.810512366168865;;;;;16.21071098101475;16.21071098101475
case6515rte;t4;6515;2;159.04247075948342;79.52123537974171;;;;;28.817201637309708;14.408600818654854;;;;;29.717299744485107;14.858649872242554
case6515rte;t4;6515;4;279.6853929265049;69.92134823162623;;;;;53.46502821735679;13.366257054339197;;;;;54.34770031663899;13.586925079159748
case6515rte;t4;6515;8;503.5592418244594;62.94490522805742;;;;;101.4112063259501;12.676400790743763;;;;;101.56019397720982;12.695024247151228
case6515rte;t4;6515;16;585.652059522314;36.60325372014462;;;;;127.25654094120179;7.953533808825112;;;;;135.46290116858174;8.466431323036359
case6515rte;t4;6515;24;508.17261770932686;21.17385907122195;;;;;112.62753264420502;4.692813860175209;;;;;122.04488445336983;5.08520351889041
case6515rte;t4;6515;32;482.75739600665827;15.086168625208071;;;;;102.27597442364691;3.196124200738966;;;;;108.48366122955844;3.390114413423701
case6515rte;t4;6515;48;363.56125397536215;7.574192791153378;;;;;81.61580364342615;1.700329242571378;;;;;76.65729131801666;1.5970269024586805
case6515rte;t4;6515;64;371.09642714721156;5.798381674175181;;;;;80.3701083324926;1.255782942695197;;;;;77.6930306878288;1.213953604497325
case6515rte;t4;6515;96;356.6074134097543;3.7146605563516073;;;;;;;;;;;75.28284647325398;0.784196317429729
case6515rte;rtx6k;6515;1;191.29210777358497;191.29210777358497;;;;;36.22065432552091;36.22065432552091;6.012536310253618;6.012536310253618;;;62.773494453288684;62.773494453288684
case6515rte;rtx6k;6515;2;372.62974945784964;186.31487472892482;;;;;66.43212843790802;33.21606421895401;12.308514054203327;6.1542570271016634;;;121.78608720710567;60.89304360355283
case6515rte;rtx6k;6515;4;721.6149938179193;180.40374845447982;;;;;130.14554066323643;32.53638516580911;21.343543299440377;5.335885824860094;;;239.88094582376138;59.970236455940345
case6515rte;rtx6k;6515;8;1379.2023905871893;172.40029882339866;;;;;249.18204254872956;31.147755318591194;42.90876504025897;5.363595630032371;;;453.53220765291104;56.69152595661388
case6515rte;rtx6k;6515;16;2393.545686711413;149.59660541946332;;;;;442.7566546685584;27.6722909167849;78.7151108726966;4.919694429543537;;;853.366360419356;53.33539752620975
case6515rte;rtx6k;6515;32;2830.550334773781;88.45469796168065;;;;;626.1116411385068;19.565988785578337;134.2872475515808;4.1964764859869;;;1276.8825892377333;39.90258091367917
case6515rte;rtx6k;6515;64;3583.008116955851;55.984501827435174;;;;;691.4258779999001;10.803529343748439;155.73200310340576;2.433312548490715;;;1628.0261758187771;25.437908997168392
case6515rte;rtx6k;6515;96;;;;;;;680.9901278749196;7.093647165363746;;;;;1477.485603663881;15.390475038165427
case6515rte;rtx6k;6515;128;3546.3957873051686;27.70621708832163;;;;;598.2120605429416;4.673531722991731;1.238249225155766;0.009673822071529422;;;1650.8210094545575;12.89703913636373
case9241pegase;l20;9241;1;38.742882140905365;38.742882140905365;;;2.6502588442612685;2.6502588442612685;23.230926775648264;23.230926775648264;;;;;;
case9241pegase;l20;9241;2;70.18095343792602;35.09047671896301;;;5.041370248042724;2.520685124021362;45.20952301951223;22.604761509756116;;;;;;
case9241pegase;l20;9241;4;131.34881422553838;32.837203556384594;;;8.363139412468685;2.0907848531171713;88.40321352761089;22.100803381902722;;;;;;
case9241pegase;l20;9241;8;292.4139617633775;36.551745220422184;;;9.107991944377394;1.1384989930471743;162.6627386888239;20.33284233610299;;;;;;
case9241pegase;l20;9241;16;563.5730158628348;35.22331349142718;;;7.618584092118959;0.47616150575743493;317.12154973335095;19.820096858334434;;;;;;
case9241pegase;l20;9241;32;764.363180858214;23.88634940181919;;;6.790402099188098;0.21220006559962806;385.8206408967353;12.056895028022979;;;;;;
case9241pegase;l20;9241;64;948.8382039495135;14.825596936711149;;;6.7070102104904805;0.10479703453891376;487.3543955302097;7.614912430159526;;;;;;
case9241pegase;l20;9241;128;1335.1176634349445;10.430606745585504;;;5.4252454264158745;0.04238472989387402;417.7931582987664;3.2640090492091125;;;;;;
case9241pegase;l20;9241;256;1678.8242547235063;6.557907245013697;;;4.594067959115656;0.017945577965295532;265.2945315858441;1.0363067640072035;;;;;;
case9241pegase;l20;9241;512;1655.4665750482231;3.233333154391061;;;;;367.5581649388837;0.7178870408962572;;;;;;
case9241pegase;l20;9241;1024;1872.7577745223923;1.8288650141820237;;;;;129.3739629440914;0.12634176068758926;;;;;;
case9241pegase;t4;9241;1;25.219703105422525;25.219703105422525;;;1.135869171256178;1.135869171256178;9.500336531376096;9.500336531376096;;;;;10.644509094481243;10.644509094481243
case9241pegase;t4;9241;2;45.56925124847918;22.78462562423959;;;2.046125855327861;1.0230629276639305;18.971405305307442;9.485702652653721;;;;;18.82091840400992;9.41045920200496
case9241pegase;t4;9241;4;78.98949428762813;19.747373571907033;;;3.438600901812011;0.8596502254530027;33.56037590726822;8.390093976817054;;;;;33.66617207170679;8.416543017926697
case9241pegase;t4;9241;8;142.35583221255013;17.794479026568766;;;5.230370843815219;0.6537963554769024;63.34069353764675;7.917586692205844;;;;;62.64956666042478;7.831195832553098
case9241pegase;t4;9241;16;185.500648826901;11.593790551681312;;;4.686704082338566;0.29291900514616037;83.97923845242869;5.248702403276793;;;;;88.12058259948404;5.507536412467752
case9241pegase;t4;9241;24;153.4882903398573;6.395345430827387;;;4.0078540531761435;0.1669939188823393;71.6989838965104;2.9874576623546;;;;;73.21339781430459;3.050558242262691
case9241pegase;t4;9241;32;149.78611358349573;4.680816049484242;;;3.39305759858867;0.10603304995589594;66.519263464857;2.0787269832767814;;;;;68.83645556398353;2.1511392363744855
case9241pegase;t4;9241;48;115.12859106191748;2.3985123137899476;;;2.7665939810303377;0.0576373746047987;52.53599966923057;1.0944999931089703;;;;;49.292451863718846;1.0269260804941427
case9241pegase;t4;9241;64;114.22018700507672;1.7846904219543238;;;2.6435611668193975;0.041305643231553085;50.9120408879582;0.7955006388743469;;;;;50.37858182560484;0.7871653410250756
case9241pegase;t4;9241;96;111.45985939254989;1.161040202005728;;;;;;;;;;;48.53066639362434;0.5055277749335868
case9241pegase;rtx6k;9241;1;55.31981289043128;55.31981289043128;;;2.4222186717816125;2.4222186717816125;23.487073187380233;23.487073187380233;2.9715454031731574;2.9715454031731574;7.259962350699638;7.259962350699638;39.30258868041762;39.30258868041762
case9241pegase;rtx6k;9241;2;109.97207996069415;54.98603998034707;;;4.320504538674677;2.1602522693373385;45.56319925521518;22.78159962760759;5.8487949577793925;2.9243974788896963;9.67879150367013;4.839395751835065;76.93674267904828;38.46837133952414
case9241pegase;rtx6k;9241;4;219.24704582070711;54.81176145517678;;;7.580709459523948;1.895177364880987;84.69969963356203;21.17492490839051;11.31971010319779;2.8299275257994476;18.673027083752768;4.668256770938192;152.3240758757446;38.08101896893615
case9241pegase;rtx6k;9241;8;409.4767256370234;51.18459070462792;;;6.319172393256406;0.7898965491570508;161.27997356868565;20.159996696085706;20.769521074397865;2.596190134299733;38.45397234350255;4.806746542937819;284.1587155822398;35.51983944777997
case9241pegase;rtx6k;9241;16;695.7081910350643;43.481761939691516;;;5.995100083453236;0.37469375521582726;272.59558210478;17.03722388154875;36.53515681996967;2.2834473012481045;57.60432225679427;3.600270141049642;518.9310123322691;32.43318827076682
case9241pegase;rtx6k;9241;32;959.9350299331164;29.99796968540989;;;6.761838110782207;0.21130744096194398;396.30789039069793;12.38462157470931;57.31520339582369;1.7911001061194902;80.95266476678059;2.5297707739618933;826.2650162150043;25.820781756718883
case9241pegase;rtx6k;9241;64;1231.5352975316698;19.24273902393234;;;6.307149721817354;0.09854921440339616;394.26939351330844;6.160459273645444;69.30876327640155;1.0829494261937742;;;1016.188618799837;15.877947168747452
case9241pegase;rtx6k;9241;96;;;;;;;406.20389697371604;4.231290593476209;;;;;951.0112328076865;9.906367008413401
case9241pegase;rtx6k;9241;128;1210.4873165483634;9.45693216053409;;;;;352.3258428310735;2.7525456471177616;75.93372329441102;0.5932322132375861;;;975.4132048004094;7.6204156625031985
case_ACTIVSg10k;l20;10000;1;69.14584711401672;69.14584711401672;;;;;25.159798630981218;25.159798630981218;;;;;;
case_ACTIVSg10k;l20;10000;2;135.90638622377955;67.95319311188977;;;;;47.57573636395828;23.78786818197914;;;;;;
case_ACTIVSg10k;l20;10000;4;233.37690713341308;58.34422678335327;;;;;92.159210869936;23.039802717484;;;;;;
case_ACTIVSg10k;l20;10000;8;419.2028840374878;52.40036050468598;;;;;177.44710801495495;22.18088850186937;;;;;;
case_ACTIVSg10k;l20;10000;16;722.5849626123207;45.161560163270046;;;;;320.1897598541079;20.011859990881742;;;;;;
case_ACTIVSg10k;l20;10000;32;1022.935453387842;31.966732918370063;;;;;388.4152005236481;12.137975016364003;;;;;;
case_ACTIVSg10k;l20;10000;64;2376.5736387941215;37.13396310615815;;;;;497.3534552870676;7.7711477388604315;;;;;;
case_ACTIVSg10k;l20;10000;128;1660.2345265668991;12.9705822388039;;;;;456.5600921744052;3.5668757201125407;;;;;;
case_ACTIVSg10k;l20;10000;256;2054.6452841523574;8.025958141220146;;;;;279.14355084804043;1.090404495500158;;;;;;
case_ACTIVSg10k;l20;10000;512;2192.1682964326415;4.281578703970003;;;;;411.09959207813523;0.8029288907776079;;;;;;
case_ACTIVSg10k;l20;10000;1024;2677.623691190386;2.6148668859281115;;;;;155.50945153219433;0.15186469876190853;;;;;;
case_ACTIVSg10k;t4;10000;1;43.433033394229206;43.433033394229206;;;;;11.461407629785473;11.461407629785473;;;;;11.940828590104253;11.940828590104253
case_ACTIVSg10k;t4;10000;2;79.78378844402788;39.89189422201394;;;;;21.079250961204234;10.539625480602117;;;;;21.458797590578104;10.729398795289052
case_ACTIVSg10k;t4;10000;4;138.91114253080806;34.727785632702016;;;;;37.47774131426357;9.369435328565892;;;;;38.98148016748763;9.745370041871908
case_ACTIVSg10k;t4;10000;8;252.5909522270302;31.573869028378773;;;;;70.4982097928947;8.812276224111837;;;;;73.39110288378563;9.173887860473204
case_ACTIVSg10k;t4;10000;16;327.1451941608206;20.446574635051288;;;;;90.64986091444649;5.665616307152906;;;;;104.09592076068046;6.5059950475425286
case_ACTIVSg10k;t4;10000;24;269.5818379067605;11.232576579448354;;;;;85.32411162055452;3.555171317523105;;;;;89.63521226855988;3.734800511189995
case_ACTIVSg10k;t4;10000;32;269.88181469863906;8.43380670933247;;;;;74.08724328128737;2.3152263525402303;;;;;85.75858424370671;2.6799557576158346
case_ACTIVSg10k;t4;10000;48;211.22745312996412;4.400571940207586;;;;;58.159233053368;1.2116506886118332;;;;;62.48141919103823;1.3016962331466297
case_ACTIVSg10k;t4;10000;64;215.0899910489777;3.3607811101402767;;;;;57.38573027613148;0.8966520355645544;;;;;63.261579896969046;0.9884621858901413
case_ACTIVSg10k;t4;10000;96;208.0054333463337;2.1667232640243093;;;;;;;;;;;62.05755687868939;0.6464328841530145
case_ACTIVSg10k;rtx6k;10000;1;104.17792853196221;104.17792853196221;;;;;24.48643711878336;24.48643711878336;4.242303387363758;4.242303387363758;;;44.69758787252623;44.69758787252623
case_ACTIVSg10k;rtx6k;10000;2;201.0645958299797;100.53229791498985;;;;;45.61140125356804;22.80570062678402;8.196019712614202;4.098009856307101;;;87.20307671502627;43.601538357513135
case_ACTIVSg10k;rtx6k;10000;4;391.4463884226782;97.86159710566955;;;;;87.81365169605124;21.95341292401281;15.796980847150618;3.9492452117876544;;;173.79540234032797;43.44885058508199
case_ACTIVSg10k;rtx6k;10000;8;730.904980393033;91.36312254912913;;;;;165.14695092147025;20.64336886518378;29.54772281197332;3.693465351496665;;;342.69387543848194;42.83673442981024
case_ACTIVSg10k;rtx6k;10000;16;1256.3156495026233;78.51972809391395;;;;;308.4231018557877;19.27644386598673;53.06008585467561;3.316255365917226;;;626.2966408627034;39.14354005391896
case_ACTIVSg10k;rtx6k;10000;32;1747.0781210349517;54.59619128234224;;;;;410.6621606501552;12.83319252031735;84.43509291319992;2.6385966535374976;;;980.1566066396122;30.62989395748788
case_ACTIVSg10k;rtx6k;10000;64;2146.9978438010176;33.5468413093909;;;;;393.7272456981348;6.151988214033357;98.46371068820491;1.5384954795032018;;;1171.0126068597976;18.297071982184338
case_ACTIVSg10k;rtx6k;10000;96;;;;;;;408.8578403752788;4.258935837242487;;;;;1170.6538657236115;12.194311101287619
case_ACTIVSg10k;rtx6k;10000;128;2007.0735721189337;15.68026228217917;;;;;366.944809878353;2.866756327174633;102.48878094896853;0.8006936011638166;;;1185.5732576472556;9.262291075369184
case_ACTIVSg25k;l20;25000;1;17.94585978240122;17.94585978240122;;;1.5705201252974184;1.5705201252974184;10.56077613993542;10.56077613993542;;;;;;
case_ACTIVSg25k;l20;25000;2;32.34552768454562;16.17276384227281;;;2.906662052074215;1.4533310260371075;20.009411891333844;10.004705945666922;;;;;;
case_ACTIVSg25k;l20;25000;4;59.86454306700427;14.966135766751067;;;4.879220654560404;1.219805163640101;38.99241674546418;9.748104186366046;;;;;;
case_ACTIVSg25k;l20;25000;8;116.57150946530392;14.57143868316299;;;6.4107677945595185;0.8013459743199398;76.92175580634033;9.615219475792541;;;;;;
case_ACTIVSg25k;l20;25000;16;215.02366783085708;13.438979239428567;;;5.792041448825743;0.36200259055160894;138.4904923711967;8.655655773199793;;;;;;
case_ACTIVSg25k;l20;25000;32;444.2077343184949;13.881491697452965;;;4.305495358647517;0.1345467299577349;231.6284141747372;7.238387942960538;;;;;;
case_ACTIVSg25k;l20;25000;64;499.3519850975988;7.802374767149981;;;4.102116448050223;0.06409556950078474;333.4581727728055;5.210283949575086;;;;;;
case_ACTIVSg25k;l20;25000;128;639.5901818610398;4.9967982957893735;;;3.4036456927933636;0.026590981974948153;222.24151986202045;1.7362618739220348;;;;;;
case_ACTIVSg25k;l20;25000;256;834.5038690630271;3.2597807385274495;;;2.80354070083767;0.010951330862647149;147.12962270055078;0.5747250886740265;;;;;;
case_ACTIVSg25k;l20;25000;512;854.323711299371;1.668600998631584;;;;;144.5338081166836;0.28229259397789763;;;;;;
case_ACTIVSg25k;l20;25000;1024;885.7626918506742;0.865002628760424;;;;;80.11253796019169;0.0782349003517497;;;;;;
case_ACTIVSg25k;t4;25000;1;12.697097610255966;12.697097610255966;;;0.707430191169062;0.707430191169062;4.5492069046079004;4.5492069046079004;;;;;3.5935737017302127;3.5935737017302127
case_ACTIVSg25k;t4;25000;2;23.337996234767576;11.668998117383788;;;1.2929311160601158;0.6464655580300579;7.991670793747035;3.9958353968735176;;;;;6.5928783994355085;3.2964391997177542
case_ACTIVSg25k;t4;25000;4;43.57972327762651;10.894930819406628;;;2.1983355127142135;0.5495838781785534;14.880003814437925;3.7200009536094814;;;;;12.666878502975315;3.166719625743829
case_ACTIVSg25k;t4;25000;8;81.98960329957256;10.24870041244657;;;3.33557228230709;0.41694653528838627;27.33147779138347;3.416434723922934;;;;;24.574777530599192;3.071847191324899
case_ACTIVSg25k;t4;25000;16;105.49525233066038;6.593453270666274;;;3.324776318517962;0.20779851990737264;36.36489289739382;2.272805806087114;;;;;33.60058427643764;2.1000365172773523
case_ACTIVSg25k;t4;25000;24;88.6468813545163;3.693620056438179;;;2.787442605587282;0.11614344189947008;31.186510476736785;1.2994379365306994;;;;;31.75588499950503;1.3231618749793763
case_ACTIVSg25k;t4;25000;32;89.55601555503961;2.7986254860949877;;;2.3512416405289196;0.07347630126652874;27.692403969889938;0.8653876240590606;;;;;27.40395939601637;0.8563737311255115
case_ACTIVSg25k;t4;25000;48;67.62656920161261;1.4088868583669294;;;1.8941949108511897;0.039462393976066455;22.888959992462734;0.47685333317630696;;;;;19.886636049850093;0.4143049177052103
case_ACTIVSg25k;t4;25000;64;68.30790116116289;1.0673109556431701;;;1.8286536938971825;0.028572713967143476;21.51614310681995;0.3361897360440617;;;;;19.773733515536406;0.30896458618025635
case_ACTIVSg25k;t4;25000;96;66.84855278388382;0.6963390914987898;;;;;;;;;;;19.67723844909829;0.20497123384477386
case_ACTIVSg25k;rtx6k;25000;1;32.615844838477166;32.615844838477166;;;1.470367705579156;1.470367705579156;10.207826850858426;10.207826850858426;1.6321121697266743;1.6321121697266743;3.983467966352328;3.983467966352328;13.53722340224073;13.53722340224073
case_ACTIVSg25k;rtx6k;25000;2;62.74162200238884;31.37081100119442;;;2.36004303928553;1.180021519642765;19.344946262497494;9.672473131248747;3.186084244695083;1.5930421223475415;7.55242244409235;3.776211222046175;26.900830814137336;13.450415407068668
case_ACTIVSg25k;rtx6k;25000;4;118.85444784458468;29.71361196114617;;;3.796457360341388;0.949114340085347;35.61967284114734;8.904918210286835;6.048493360303237;1.5121233400758092;17.162255660158753;4.290563915039688;53.67186789798302;13.417966974495755
case_ACTIVSg25k;rtx6k;25000;8;230.78397708882525;28.847997136103157;;;4.814637432383276;0.6018296790479095;64.19867379173512;8.02483422396689;10.788624973843715;1.3485781217304644;26.77765388525265;3.3472067356565813;106.24186411353456;13.28023301419182
case_ACTIVSg25k;rtx6k;25000;16;369.91464094755327;23.11966505922208;;;4.174899468990453;0.2609312168119033;111.22975867515864;6.951859917197415;20.40216325357604;1.2751352033485026;57.95356293411627;3.622097683382267;177.89348691979737;11.118342932487336
case_ACTIVSg25k;rtx6k;25000;32;551.3215803267382;17.228799385210568;;;3.945687522509368;0.12330273507841776;144.73844278813203;4.523076337129126;31.073930526920538;0.9710603289662668;90.95606179147677;2.842376930983649;299.4483035874928;9.35775948710915
case_ACTIVSg25k;rtx6k;25000;64;706.3142255954348;11.036159774928668;;;3.578502599974676;0.05591410312460431;147.0470948820042;2.2976108575313154;39.441062676603906;0.616266604321936;;;382.40229928659403;5.975035926353032
case_ACTIVSg25k;rtx6k;25000;96;;;;;;;183.78310636515735;1.914407357970389;;;;;364.9685295189656;3.8017555158225584
case_ACTIVSg25k;rtx6k;25000;128;726.8337347962618;5.678388553095795;;;;;164.3165721238012;1.2837232197171968;29.833780858770705;0.23307641295914613;;;378.9004103008888;2.9601594554756936
case_ACTIVSg70k;l20;70000;1;4.158316521269724;4.158316521269724;;;;;3.175746759215318;3.175746759215318;;;;;;
case_ACTIVSg70k;l20;70000;2;7.226212643863322;3.613106321931661;;;;;6.129137851303322;3.064568925651661;;;;;;
case_ACTIVSg70k;l20;70000;4;18.12726364451055;4.531815911127637;;;;;11.612710762893204;2.903177690723301;;;;;;
case_ACTIVSg70k;l20;70000;8;32.953411102155286;4.119176387769411;;;;;22.210934919393463;2.776366864924183;;;;;;
case_ACTIVSg70k;l20;70000;16;99.94143614839939;6.246339759274962;;;;;38.624343207521115;2.4140214504700697;;;;;;
case_ACTIVSg70k;l20;70000;32;169.8920502134339;5.309126569169809;;;;;63.572130505404395;1.9866290782938874;;;;;;
case_ACTIVSg70k;l20;70000;64;279.03790155684965;4.359967211825776;;;;;71.39148488930554;1.1154919513953991;;;;;;
case_ACTIVSg70k;l20;70000;128;380.7460870954811;2.974578805433446;;;;;68.37212314556294;0.5341572120747105;;;;;;
case_ACTIVSg70k;l20;70000;256;379.60007927581125;1.4828128096711377;;;;;60.99490152029849;0.23826133406366598;;;;;;
case_ACTIVSg70k;l20;70000;512;386.40215799863455;0.7546917148410831;;;;;55.31266400410084;0.10803254688300945;;;;;;
case_ACTIVSg70k;l20;70000;1024;330.97569717042506;0.3232184542679932;;;;;51.912627545654345;0.05069592533755307;;;;;;
case_ACTIVSg70k;t4;70000;1;2.7015446948417856;2.7015446948417856;;;;;1.3116699812358785;1.3116699812358785;;;;;0.8570428811269019;0.8570428811269019
case_ACTIVSg70k;t4;70000;2;5.0557090632552555;2.5278545316276277;;;;;2.3898425402429284;1.1949212701214642;;;;;1.609215927300111;0.8046079636500555
case_ACTIVSg70k;t4;70000;4;9.62368267863093;2.4059206696577324;;;;;4.343691029481828;1.085922757370457;;;;;3.086809569133041;0.7717023922832602
case_ACTIVSg70k;t4;70000;8;17.868447841196673;2.233555980149584;;;;;8.080875304446689;1.0101094130558361;;;;;5.91253130630245;0.7390664132878062
case_ACTIVSg70k;t4;70000;16;24.1557978664295;1.5097373666518437;;;;;10.588095275206603;0.6617559547004127;;;;;8.441118958333094;0.5275699348958184
case_ACTIVSg70k;t4;70000;24;19.97827595582697;0.8324281648261237;;;;;9.793952788021487;0.40808136616756197;;;;;8.161888331043752;0.3400786804601563
case_ACTIVSg70k;t4;70000;32;19.759040039491204;0.6174700012341001;;;;;8.830230847110265;0.2759447139721958;;;;;6.735839044027417;0.21049497012585677
case_ACTIVSg70k;t4;70000;48;13.975982832091965;0.2911663090019159;;;;;7.018271508940065;0.1462139897695847;;;;;4.743780142829815;0.09882875297562115
case_ACTIVSg70k;t4;70000;64;14.129312007355999;0.22077050011493748;;;;;6.846777587596734;0.10698089980619897;;;;;4.69966741180478;0.07343230330944969
case_ACTIVSg70k;t4;70000;96;14.022491070873992;0.1460676153216041;;;;;;;;;;;4.643178580443982;0.04836644354629147
case_ACTIVSg70k;rtx6k;70000;1;7.287289990505535;7.287289990505535;;;;;3.0196262320969782;3.0196262320969782;0.5080110194602204;0.5080110194602204;;;4.7644401858073495;4.7644401858073495
case_ACTIVSg70k;rtx6k;70000;2;14.336094246630466;7.168047123315233;;;;;5.927591916044083;2.9637959580220414;0.9964840987417076;0.4982420493708538;;;9.109590237341598;4.554795118670799
case_ACTIVSg70k;rtx6k;70000;4;28.053056957684877;7.013264239421219;;;;;11.38006499759538;2.845016249398845;1.928940890639475;0.48223522265986873;;;18.275769159483296;4.568942289870824
case_ACTIVSg70k;rtx6k;70000;8;52.43859587471341;6.554824484339176;;;;;20.77751914668993;2.597189893336241;3.4034803234542954;0.4254350404317869;;;33.179270554282354;4.147408819285294
case_ACTIVSg70k;rtx6k;70000;16;91.41031730238917;5.713144831399323;;;;;34.41481715952728;2.150926072470455;6.398028932673391;0.39987680829208694;;;62.96273995296142;3.935171247060089
case_ACTIVSg70k;rtx6k;70000;32;128.3522638671446;4.011008245848268;;;;;47.59394995229058;1.4873109360090806;9.70485688881047;0.3032767777753272;;;107.60428189109187;3.362633809096621
case_ACTIVSg70k;rtx6k;70000;64;175.56927343870228;2.743269897479723;;;;;55.3446076016183;0.8647594937752859;11.667635250683617;0.1823068007919315;;;129.81137757816305;2.0283027746587976
case_ACTIVSg70k;rtx6k;70000;96;;;;;;;61.72375520788168;0.6429557834154341;;;;;127.33578026161848;1.3264143777251924
case_ACTIVSg70k;rtx6k;70000;128;170.93849197220982;1.3354569685328892;;;;;59.43830319631314;0.46436174372119643;;;;;133.13572778286252;1.0401228733036134
